Libresonic/libresonic,reuseforks
ivan-vasilev/neuralnetworks,forkcount
ivan-vasilev/neuralnetworks,reuseforks
mrwilson/byte-monkey,reuseforks
kaazing/gateway,forkcount
kaazing/gateway,reuseforks
sayems/java.webdriver,parallel
sayems/java.webdriver,threadcount
withstars/Blog-System,parallel
withstars/Blog-System,threadcount
nativelibs4java/BridJ,forkcount
nativelibs4java/BridJ,reuseforks
lejon/T-SNE-Java,forkcount
lejon/T-SNE-Java,reuseforks
NLPchina/Word2VEC_java,forkcount
NLPchina/Word2VEC_java,reuseforks
Netflix/curator,forkcount
Netflix/curator,reuseforks
facebookarchive/nifty,forkcount
facebookarchive/nifty,reuseforks
brianway/webporter,forkcount
brianway/webporter,reuseforks
pulse00/Symfony-2-Eclipse-Plugin,threadcount
timboudreau/netty-http-client,parallel
timboudreau/netty-http-client,reuseforks
timboudreau/netty-http-client,threadcount
timboudreau/netty-http-client,percorethreadcount
rackerlabs/blueflood,parallel
rackerlabs/blueflood,threadcount
opencredo/test-automation-quickstart,parallel
opencredo/test-automation-quickstart,forkcount
opencredo/test-automation-quickstart,reuseforks
opencredo/test-automation-quickstart,threadcount
xuminwlt/j360-dubbo-app-all,parallel
broadgsa/gatk,parallel
broadgsa/gatk-protected,parallel
Syncleus/aparapi,forkcount
Syncleus/aparapi,reuseforks
dataArtisans/da-streamingledger,forkcount
dataArtisans/da-streamingledger,reuseforks
cardillo/joinery,parallel
cardillo/joinery,threadcount
xtreemfs/xtreemfs,forkcount
xtreemfs/xtreemfs,reuseforks
dcaoyuan/nbscala,parallel
gardncl/elements-of-programming-interviews,parallel
mmnaseri/cs-review,parallel
mmnaseri/cs-review,threadcount
spotify/docker-maven-plugin,parallel
RestComm/sip-servlets,parallel
RestComm/sip-servlets,forkcount
RestComm/sip-servlets,reuseforks
shrinkwrap/resolver,forkcount
shrinkwrap/resolver,reuseforks
NGDATA/hbase-indexer,reuseforks
latexdraw/latexdraw,reuseforks
bouncestorage/chaos-http-proxy,parallel
bouncestorage/chaos-http-proxy,threadcount
raydac/java-binary-block-parser,forkcount
raydac/java-binary-block-parser,reuseforks
brettwooldridge/SansOrm,reuseforks
gaul/are-we-consistent-yet,parallel
gaul/are-we-consistent-yet,threadcount
Diabol/delivery-pipeline-plugin,forkcount
apache/hadoop-common,parallel
apache/hadoop-common,forkcount
apache/hadoop-common,reuseforks
apache/hadoop-common,threadcount
apache/tajo,parallel
apache/tajo,forkcount
apache/tajo,reuseforks
OpenSmpp/opensmpp,forkcount
StripesFramework/stripes,forkcount
jenkinsci/selenium-plugin,parallel
jenkinsci/selenium-plugin,forkcount
jenkinsci/selenium-plugin,reuseforks
alibaba/jstorm,forkcount
datumbox/datumbox-framework,parallel
datumbox/datumbox-framework,threadcount
openwms/org.openwms,forkcount
openwms/org.openwms,threadcount
withstars/Books-Management-System,parallel
withstars/Books-Management-System,threadcount
widdix/aws-ec2-ssh,parallel
widdix/aws-ec2-ssh,threadcount
locationtech/geogig,forkcount
locationtech/geogig,reuseforks
RestComm/Restcomm-Connect,parallel
RestComm/Restcomm-Connect,forkcount
RestComm/Restcomm-Connect,reuseforks
RestComm/Restcomm-Connect,threadcountclasses
airlift/aircompressor,parallel
SeleniumHQ/fluent-selenium,parallel
SeleniumHQ/fluent-selenium,threadcount
ning/compress,parallel
lemire/javaewah,forkcount
lemire/javaewah,reuseforks
openimaj/openimaj,parallel
openimaj/openimaj,percorethreadcount
jrtom/jung,parallel
sakserv/hadoop-mini-clusters,forkcount
sakserv/hadoop-mini-clusters,reuseforks
kpavlov/jreactive-8583,parallel
kpavlov/jreactive-8583,forkcount
kpavlov/jreactive-8583,reuseforks
dlemmermann/PreferencesFX,forkcount
yago-naga/yago3,parallel
yago-naga/yago3,forkcount
yago-naga/yago3,reuseforks
cflint/CFLint,forkcount
cflint/CFLint,reuseforks
togglz/togglz,parallel
togglz/togglz,threadcount
yegor256/rultor,parallel
yegor256/rultor,reuseforks
yegor256/s3auth,reuseforks
sismics/reader,forkcount
sismics/reader,reuseforks
teamed/qulice,parallel
teamed/qulice,forkcount
teamed/qulice,threadcount
teamed/qulice,percorethreadcount
perwendel/spark-template-engines,forkcount
perwendel/spark-template-engines,reuseforks
NanoHttpd/nanohttpd,forkcount
NanoHttpd/nanohttpd,reuseforks
rapidoid/rapidoid,forkcount
rapidoid/rapidoid,reuseforks
widdix/aws-s3-virusscan,parallel
widdix/aws-s3-virusscan,threadcount
EvoSuite/evosuite,forkcount
EvoSuite/evosuite,reuseforks
ambiverse-nlu/ambiverse-nlu,forkcount
ambiverse-nlu/ambiverse-nlu,reuseforks
vaquarkhan/vaquarkhan,parallel
