spring-projects_spring-boot,https://github.com/spring-projects/spring-boot,5ed21f0fbad98b75c715eb08c3c41e9f30005d5b
alibaba_dubbo,https://github.com/alibaba/dubbo,d43951530407ab36b1c9ade499a0a0eb3e715fa8
clojure_clojure,https://github.com/clojure/clojure,303496aa196f75f9fd7c899b2e1fd3b430a96521
perwendel_spark,https://github.com/perwendel/spark,fa5ed03512e7b3933d4255bd53ac34bf213c331a
eclipse_vert.x,https://github.com/eclipse/vert.x,f68a153df602df6a79c66a1680478a77d123e56c
alibaba_druid,https://github.com/alibaba/druid,99337c1ffb5712eeacc70228c466cbe6b681a197
deeplearning4j_deeplearning4j,https://github.com/deeplearning4j/deeplearning4j,ec290f13553824869ae78e508018cac24b96d094
prestodb_presto,https://github.com/prestodb/presto,fe9f465133d31fd2d7dba3b2bc88d58361ae4db7
swagger-api_swagger-core,https://github.com/swagger-api/swagger-core,18d7141f2f94a409d533284a6a7bf431e3904a32
neo4j_neo4j,https://github.com/neo4j/neo4j,a724708695ffae7063aded640d6ee53f7bd1dd12
JakeWharton_DiskLruCache,https://github.com/JakeWharton/DiskLruCache,3e016356cfc7e5f9644a7a732fe0223e9742e024
google_closure-compiler,https://github.com/google/closure-compiler,26fa986691dbc2d7cf60cafbe2a93121a52dba40
bauerca_drag-sort-listview,https://github.com/bauerca/drag-sort-listview,c3cfccee21676149dfdf8e803c0ec2eaebc6b841
stanfordnlp_CoreNLP,https://github.com/stanfordnlp/CoreNLP,a9ef81faff0df610d252e2bd94faaf9256a9e405
JodaOrg_joda-time,https://github.com/JodaOrg/joda-time,6ad133837a4c4f8199d00a05c3c16267dbf6deb8
spring-projects_spring-mvc-showcase,https://github.com/spring-projects/spring-mvc-showcase,f7a2e9d38b1d0a2087c751522889c02de332bcaf
NanoHttpd_nanohttpd,https://github.com/NanoHttpd/nanohttpd,f1cb85c38ecae657591f49b8bbd69ac2679c7723
yinwang0_pysonar2,https://github.com/yinwang0/pysonar2,0750a7a4474fe27f2ded14e9999d93470cb1ccc4
jankotek_mapdb,https://github.com/jankotek/mapdb,2c1a33cc50e3275127d7f3f857a873ce6399096e
medcl_elasticsearch-analysis-ik,https://github.com/medcl/elasticsearch-analysis-ik,a1fea66be8ba40be8fabb6c67094e6523718c7c7
apache_flink,https://github.com/apache/flink,662ed33d8f5baed95035b8176daf95a1caa0b278
google_binnavi,https://github.com/google/binnavi,356eaa86278dcda5f976e7166937a6bc729a22c2
serge-rider_dbeaver,https://github.com/serge-rider/dbeaver,2bf84d71dbc263bfdb850a7b7611a386812ab6a0
hazelcast_hazelcast,https://github.com/hazelcast/hazelcast,9140af8f31e20033d1b5b97d6127ba4ae143043c
spring-projects_spring-security-oauth,https://github.com/spring-projects/spring-security-oauth,0651688c5ef21c85a3a58576380b04870c47b12c
gephi_gephi,https://github.com/gephi/gephi,26d74c4f006f7e0ba82ced21ff219e74b051ac8b
aws_aws-sdk-java,https://github.com/aws/aws-sdk-java,b24e08f0137e3aba4a0960853ff02fad6594a355
codecentric_spring-boot-admin,https://github.com/codecentric/spring-boot-admin,d880eb85dc3633ab69c1d9e0f0680bfb196f9515
wildfly_wildfly,https://github.com/wildfly/wildfly,5147c00409afeaa501860862603b21c280029ced
Bukkit_Bukkit,https://github.com/Bukkit/Bukkit,f210234e59275330f83b994e199c76f6abd41ee7
jenkinsci_blueocean-plugin,https://github.com/jenkinsci/blueocean-plugin,a059128b4bfd58018e673e6c37350ad276d95ee7
skavanagh_KeyBox,https://github.com/skavanagh/KeyBox,74f0d5b488d02ecec94f27c9ec676e8bfe8ffe64
javaee-samples_javaee7-samples,https://github.com/javaee-samples/javaee7-samples,d5e11fa084dca35c741ed615d64f2ddb1b273892
spotify_helios,https://github.com/spotify/helios,8aaffcb754bfd26e6edd92762d3bf48a90805d1f
eirslett_frontend-maven-plugin,https://github.com/eirslett/frontend-maven-plugin,e440ef5b0049c2b309c2b4eb110a5a38fbcef945
chewiebug_GCViewer,https://github.com/chewiebug/GCViewer,34afc1a5b6222c06dbfc232bfd9babe249b422e2
javaslang_javaslang,https://github.com/javaslang/javaslang,d1efbf876334fbaf76467eadc8f40f26a0b73951
square_keywhiz,https://github.com/square/keywhiz,2bef0baffc73eddd36e77d37ba0324a612091020
databricks_learning-spark,https://github.com/databricks/learning-spark,6b34161e2c1351500784a0d500c664c90846cacf
bytedeco_javacv,https://github.com/bytedeco/javacv,6adb47deebc3d3713aacc6ac0129662d88be62db
libgdx_packr,https://github.com/libgdx/packr,8577949ac10fc569da0dae5ddaf18639d9f04e4b
addthis_stream-lib,https://github.com/addthis/stream-lib,207c6f3e06968fd0feee577691ff1c1431271283
brianfrankcooper_YCSB,https://github.com/brianfrankcooper/YCSB,78c3cfaedb51af9809cacde2f1c62eeb045acb91
raphw_byte-buddy,https://github.com/raphw/byte-buddy,3e092d62c4188cf14e541c7f15ab23c7d4281602
linkedin_pinot,https://github.com/linkedin/pinot,fde9e5bb0a1e341e5a29e6a85f816cc5443216e0
OpenGrok_OpenGrok,https://github.com/OpenGrok/OpenGrok,086147d835898a4ebbdbaeb607fef2cdd2c99892
gchq_Gaffer,https://github.com/gchq/Gaffer,c3a7d8a4931665d93b4929b78a55612565a3f4a5
yahoo_mysql_perf_analyzer,https://github.com/yahoo/mysql_perf_analyzer,35efeed2a0d25f0108b986e6c9c3e768fb73ff00
eclipse_jetty.project,https://github.com/eclipse/jetty.project,61b616c043af995441589a23e28facf6d8cef235
querydsl_querydsl,https://github.com/querydsl/querydsl,421049b4718350963679204d6521241c1a8cf366
zeromq_jeromq,https://github.com/zeromq/jeromq,47f17062e58f98d4e6043ffb8f9d424aed512573
soabase_exhibitor,https://github.com/soabase/exhibitor,2e0258bd1be7426457786800812deb0f29ba8ad9
b3log_symphony,https://github.com/b3log/symphony,28448a4453dba3e38bfe4055a115d0e64d7a0d11
languagetool-org_languagetool,https://github.com/languagetool-org/languagetool,afa2838028b6b85507c799969ff9d6206896833e
twitter_ambrose,https://github.com/twitter/ambrose,da7bcb932c418c157d9c372a4ca5f1884b874d78
teaey_spring-boot-starter-dubbo,https://github.com/teaey/spring-boot-starter-dubbo,5f246ef9f180453b097e7712d3c9418a6d5cc0ed
spullara_mustache.java,https://github.com/spullara/mustache.java,9efa19d595f893527ff218683e70db2ae4d8fb2d
bitcoinj_bitcoinj,https://github.com/bitcoinj/bitcoinj,e51428dcf6e575db1ccc103043065b6a776a37ea
AdoptOpenJDK_jitwatch,https://github.com/AdoptOpenJDK/jitwatch,d955ddc7af4ea5032072f83e3e70703c287264e2
apache_mahout,https://github.com/apache/mahout,7a7930e856d0119b3650a34e7007cdfc96bb35a0
Red5_red5-server,https://github.com/Red5/red5-server,a9c1716d1fff8d119d8accf80b9a09fb9cbf4a2f
jberkel_sms-backup-plus,https://github.com/jberkel/sms-backup-plus,14ddd31eaa8ca53149d9faa0ecc1090699218b1b
keycloak_keycloak,https://github.com/keycloak/keycloak,3ce8da0126fe86f55c5a75d30e9b70ca5dd736be
guardianproject_ChatSecureAndroid,https://github.com/guardianproject/ChatSecureAndroid,b598e57e8af6795fc88aa71fc207f41db6bff7a9
twitter_elephant-bird,https://github.com/twitter/elephant-bird,1a6b87410afc4e546d4db86df467b3e14cfb936f
JCTools_JCTools,https://github.com/JCTools/JCTools,b71fc3ec8d7652bbc3fc8b64b28babc1be582139
apache_beam,https://github.com/apache/beam,3473055f2358533dfb18af225ffdee2c8eca4000
galenframework_galen,https://github.com/galenframework/galen,5ea2903f2b607353f33b43c3b2d34ea444648d22
javaparser_javaparser,https://github.com/javaparser/javaparser,156c897c93b6525bddfe4fc996b76c2a0ce5cdd3
richardwilly98_elasticsearch-river-mongodb,https://github.com/richardwilly98/elasticsearch-river-mongodb,d778375a349f70968a7fe4f6e50b461234eac06e
spotify_apollo,https://github.com/spotify/apollo,4405c3fad69b77be3e44da53e658cc18401030ec
vaadin_framework,https://github.com/vaadin/framework,3d018d479acb43301fb2b852586fe6f73b35593f
deeplearning4j_nd4j,https://github.com/deeplearning4j/nd4j,98bee22c6e76f534a6f460096450d88ffadf8cf8
spotify_docker-maven-plugin,https://github.com/spotify/docker-maven-plugin,50512e9d00a3744c53daf5132e7c8b8a34e7e55e
apache_flume,https://github.com/apache/flume,73d87444013a656f763feb38ce20c43670dc6230
speedment_speedment,https://github.com/speedment/speedment,c87b3d46220f395fec702650ab76cb2d02514e0c
spring-cloud_spring-cloud-netflix,https://github.com/spring-cloud/spring-cloud-netflix,62cb0ae28fc6e2f3529ce17a5068ba4f6ae1bd5c
BroadleafCommerce_BroadleafCommerce,https://github.com/BroadleafCommerce/BroadleafCommerce,fc4c5caf5f1fbef1cb8314c81a6a65d2ce8af21d
pinterest_secor,https://github.com/pinterest/secor,e50c1e592513afe01327f66ce1a28bced4161251
kolorobot_spring-mvc-quickstart-archetype,https://github.com/kolorobot/spring-mvc-quickstart-archetype,ae756397d48b665860d010270c69e65fc0468406
glyptodon_guacamole-client,https://github.com/glyptodon/guacamole-client,7fd7035a47118715dda8b2fa82f22f42196b5ea3
google_google-java-format,https://github.com/google/google-java-format,24edd0ce19b54be268ead4611f2db02c83d9d327
dieforfree_qart4j,https://github.com/dieforfree/qart4j,bedfe21e170b16f831827bbe6b3d2901c44c8d06
frohoff_ysoserial,https://github.com/frohoff/ysoserial,ad26e2bd46776751961cb7e3f6677e428c250bea
scobal_seyren,https://github.com/scobal/seyren,85d966f771ac87f23d873c1e8bbb408c82bf22bd
pac4j_pac4j,https://github.com/pac4j/pac4j,e2c039df5d447b46cfa977515c60d8b0a4826ac6
vert-x3_vertx-examples,https://github.com/vert-x3/vertx-examples,2e2bf62b0f7b92f26dae794b3806f691f0cae628
timmolter_XChange,https://github.com/timmolter/XChange,a8e8740b2ee51ebce531900c42f7719bfc2166ab
eclipse-color-theme_eclipse-color-theme,https://github.com/eclipse-color-theme/eclipse-color-theme,963afa3fd4d23eb042127b1d47702d0b671c2ecb
java8_Java8InAction,https://github.com/java8/Java8InAction,4786c46a24e2f7d0a749d34d585bb2c1d9f64c53
GoogleCloudPlatform_DataflowJavaSDK,https://github.com/GoogleCloudPlatform/DataflowJavaSDK,c4bff0bc70a3d0d69f062d7f1e670a2e2b3fd05d
apache_maven,https://github.com/apache/maven,0931bb2cc7630cc79adb98407db13315b4a709ee
RuedigerMoeller_fast-serialization,https://github.com/RuedigerMoeller/fast-serialization,4fbd80a2674ce80048f1b207c0621694bfa44ed9
rnewson_couchdb-lucene,https://github.com/rnewson/couchdb-lucene,2638e78ae42120c531be8bd31fd9809f01413531
atomix_atomix,https://github.com/atomix/atomix,622c0ad0ac53b40a15995588d091f7c61678dea5
JSQLParser_JSqlParser,https://github.com/JSQLParser/JSqlParser,4146f869cb011514318aeb5f4333faebe549de51
HotswapProjects_HotswapAgent,https://github.com/HotswapProjects/HotswapAgent,0ed1347c1cbfbca2aa8be08a986ce8f1b4f76b92
impetus-opensource_Kundera,https://github.com/impetus-opensource/Kundera,cb7afb4b49d6ada63cef2ec6424c6ad90c5ba3a8
twitter_hbc,https://github.com/twitter/hbc,ce61517be1e726fb4f5809786af86e14a559a4d7
docker-java_docker-java,https://github.com/docker-java/docker-java,8047b4b328df3842cbe085c18b1da5af513e20b1
hector-client_hector,https://github.com/hector-client/hector,a302e68ca8d91b45d332e8c9afd7d98030b54de1
b3log_xiaov,https://github.com/b3log/xiaov,bcd0595ba84034b9d1564171d46e308d95cf7365
GoClipse_goclipse,https://github.com/GoClipse/goclipse,e6cd9a4a10e76e312aa2a68b951ab8bed9c1f817
RaiMan_SikuliX-2014,https://github.com/RaiMan/SikuliX-2014,941d71952666be5eb4fddda486f1e017c42b531e
ysc_QuestionAnsweringSystem,https://github.com/ysc/QuestionAnsweringSystem,589492d0b61e132e86db3cd7c339d9ce7590fc88
crashub_crash,https://github.com/crashub/crash,0be41acdebb125e6963d04864cbbfb3a4a6c7707
tomighty_tomighty,https://github.com/tomighty/tomighty,cf05ca3a8b8b21e57668be4d4d3503851ba28d55
mapstruct_mapstruct,https://github.com/mapstruct/mapstruct,c465dd27c665bde3c93e926d0b53889d10ed7e6d
amznlabs_ion-java,https://github.com/amznlabs/ion-java,f18dae59aefeea1c6e6b5e694f809eb55c49f03a
deathmarine_Luyten,https://github.com/deathmarine/Luyten,b94f633fbcd6d214243d6e94285ef4f046ff5f68
IanDarwin_Android-Cookbook-Examples,https://github.com/IanDarwin/Android-Cookbook-Examples,97fc93e5ee914c5e3c7b6b356c00a285c011bfbc
jline_jline2,https://github.com/jline/jline2,477e01d77137b903cf9a15f925ee32a541a69070
kiegroup_optaplanner,https://github.com/kiegroup/optaplanner,2f9f2b8f9897edf320510dd44cc25aa0a00582e3
ramswaroop_jbot,https://github.com/ramswaroop/jbot,15def99dc849dda0185187b994e0d4e60b030b31
philipsorst_angular-rest-springsecurity,https://github.com/philipsorst/angular-rest-springsecurity,db461fd2128bbc43ce8699279a06c72e21a0a5b5
dynjs_dynjs,https://github.com/dynjs/dynjs,4bc6715eff8768f8cd92c6a167d621bbfc1e1a91
eclipsesource_J2V8,https://github.com/eclipsesource/J2V8,9d6ab7fcbed53c1b518c9d547e1fc2480c8da0ba
kenglxn_QRGen,https://github.com/kenglxn/QRGen,c778c199823662000897da99d58218b7ce187343
ysc_word,https://github.com/ysc/word,201f5f3c1b0ac5ad25e09e75912c7f877de9082d
asciidocfx_AsciidocFX,https://github.com/asciidocfx/AsciidocFX,4b5bd06f8f54f003b8644ee6b26d8186d55105fe
resteasy_Resteasy,https://github.com/resteasy/Resteasy,03cd7e294c7e5aeb5c34d7172923ebce0094745c
4pr0n_ripme,https://github.com/4pr0n/ripme,bacc69dff51df9ffeeedc741e098abd3a1bcb4dc
astarring_mybatis-generator-gui,https://github.com/astarring/mybatis-generator-gui,6d48f5f75739afd222667da62caf79c13125d97f
blynkkk_blynk-server,https://github.com/blynkkk/blynk-server,8486faf89836275d7b67e6a72b5a1974046fc128
4thline_cling,https://github.com/4thline/cling,93b1cf12e3c86e0ace5ebc3b6c3509a18139c24f
bwssytems_ha-bridge,https://github.com/bwssytems/ha-bridge,6bf1bbc8a89173f6da610ea860237e90e22b9eae
jbake-org_jbake,https://github.com/jbake-org/jbake,0f7b6c6f917b8244f8a9bb7bbc435157d603cb2e
andsel_moquette,https://github.com/andsel/moquette,7ffb8fb43b6f4941e840d58e19f01566981851f3
neuland_jade4j,https://github.com/neuland/jade4j,20f39c575255aa1a02b7397cabbbab1ebd7c5700
essentials_Essentials,https://github.com/essentials/Essentials,d36d80933f8f672cd8bb0f210adc23aac10850ea
tdunning_t-digest,https://github.com/tdunning/t-digest,e5b3a42f2c97d05022055b8f923247a66ab9438c
spotify_docker-client,https://github.com/spotify/docker-client,c10aa2b7451be8d50bc9c79791959a1b63bd92a0
abel533_MyBatis-Spring-Boot,https://github.com/abel533/MyBatis-Spring-Boot,b4aec3c79d0e64420fdc2301f9e1bdf801d9eb15
la-team_light-admin,https://github.com/la-team/light-admin,624e80abdc84176302b75c01a70ad66b8663c038
rackerlabs_blueflood,https://github.com/rackerlabs/blueflood,3cc888d121b326fcfd5e3b05b91b26c85a2f4961
olivergierke_spring-restbucks,https://github.com/olivergierke/spring-restbucks,d4b4d9819712164001e10c33880739eb37dca11d
spotify_heroic,https://github.com/spotify/heroic,6f1ac816effb20239667c0a290dff13c6b605844
protostuff_protostuff,https://github.com/protostuff/protostuff,5596da1a4ae7fa982e2183e05927a84728c4dd26
OAuth-Apis_apis,https://github.com/OAuth-Apis/apis,dd6e177c164ec50024a3ec9345255fecfe227f65
bytedeco_javacpp-presets,https://github.com/bytedeco/javacpp-presets,e4bcffd210669e4f42de0b2cef858ca7c855dc4b
shopizer-ecommerce_shopizer,https://github.com/shopizer-ecommerce/shopizer,394e7ef54e5aa09b4dad2011a37f68959c403ba2
Nilhcem_FakeSMTP,https://github.com/Nilhcem/FakeSMTP,1fea9ab114f836188974763c69254003c514437c
RoaringBitmap_RoaringBitmap,https://github.com/RoaringBitmap/RoaringBitmap,512774987204dcc706a1553a2ab1efd1742ac240
eugenp_REST-With-Spring,https://github.com/eugenp/REST-With-Spring,27bc540f111c9ab257c36670536b348a142463ce
armzilla_amazon-echo-ha-bridge,https://github.com/armzilla/amazon-echo-ha-bridge,ecf2db21fc3311d5d57398c8dc79252208a291b6
MachinePublishers_jBrowserDriver,https://github.com/MachinePublishers/jBrowserDriver,ea55b9996a9a04ec5d57ff8f516dcf1d1b2f30f1
mpatric_mp3agic,https://github.com/mpatric/mp3agic,368fe1341bed0005d2de40b4bf99efc2318847e8
haraldk_TwelveMonkeys,https://github.com/haraldk/TwelveMonkeys,12050dfe61a725441c02c681e3e89af2e66d64ba
ktoso_maven-git-commit-id-plugin,https://github.com/ktoso/maven-git-commit-id-plugin,99b38620330d50ea08b2c67be9087660a3101948
zeromq_jzmq,https://github.com/zeromq/jzmq,1166757b9f1beee7663b5343f077f80a6a62a2bb
apache_nifi,https://github.com/apache/nifi,f0a1c14f025f6013ed3667ea4470cd34846756d7
spring-projects_spring-data-redis,https://github.com/spring-projects/spring-data-redis,24240f8542427d30c095388edf0a13a56269331f
wildfly_quickstart,https://github.com/wildfly/quickstart,c8e8617788cbb1bcbdc7d58edcfac6e1bbb8c2db
davidmoten_rxjava-jdbc,https://github.com/davidmoten/rxjava-jdbc,2014f620b855fbf69fffb2e11bbd017cfce8c5ab
davidmoten_rtree,https://github.com/davidmoten/rtree,f0609d5ccb92bf6b2a6559aeeedf5b3737abf47d
decebals_pf4j,https://github.com/decebals/pf4j,e9126c4d358ace2922382ea0829df493595b29e4
ps3mediaserver_ps3mediaserver,https://github.com/ps3mediaserver/ps3mediaserver,7a8958abf692ad5bd789f29c3de3916a7c1005e1
eclipse_smarthome,https://github.com/eclipse/smarthome,1956d70001b38d615f2abce176d44d323eb96d85
github_maven-plugins,https://github.com/github/maven-plugins,8d6d49393d1453be709ecc4cfe87f41f2081f5c5
NLPchina_nlp-lang,https://github.com/NLPchina/nlp-lang,3c50d1eeeaae74a28cfa05207dbfbd7a35079b42
rstoyanchev_spring-websocket-portfolio,https://github.com/rstoyanchev/spring-websocket-portfolio,b4b1788b92d4cd242298f7b5042f9a9fa562dfc6
aaberg_sql2o,https://github.com/aaberg/sql2o,0e98ec07d98f14901b5198b385ffffb76012870e
andrewgaul_s3proxy,https://github.com/andrewgaul/s3proxy,04620018788fa29bb72f782bd9361e4888c60430
jeremylong_DependencyCheck,https://github.com/jeremylong/DependencyCheck,cedb8d3db16b09770baa665d40d9b549004a86ba
PebbleTemplates_pebble,https://github.com/PebbleTemplates/pebble,44ad9a6a33cb75344e14f6112a9ba1dd15fdeb64
ScienJus_smartqq,https://github.com/ScienJus/smartqq,559706f119e59b74dd128dc23ec2c4071a712dee
ajanata_PretendYoureXyzzy,https://github.com/ajanata/PretendYoureXyzzy,b5fef60a7e5791036216266c2be1bf0a6382ff8f
infinitest_infinitest,https://github.com/infinitest/infinitest,f47f92137b09177e43c3885cc088e94d979bfbb7
allwefantasy_ServiceFramework,https://github.com/allwefantasy/ServiceFramework,9a120633cd8fe4a0e618e8c3c650d30c4b11cf0d
awslabs_aws-apigateway-importer,https://github.com/awslabs/aws-apigateway-importer,468ba47b722eab199841eea0832a13ca08f9bb34
winder_Universal-G-Code-Sender,https://github.com/winder/Universal-G-Code-Sender,233ba33392be59561c06423de7ed5b20f7d78d74
apache_tika,https://github.com/apache/tika,7ce58d6592733e314bdf26065ed4d0e123f1fe60
vdurmont_emoji-java,https://github.com/vdurmont/emoji-java,d75b072acd97ccab4c32e1b9a07fcd079648580d
openmrs_openmrs-core,https://github.com/openmrs/openmrs-core,daba0256b7cf360824aebb3ff176d5937c862e46
apache_pdfbox,https://github.com/apache/pdfbox,81c647e2a1a0faa4856605bc99adca1113dd8172
spring-cloud_spring-cloud-config,https://github.com/spring-cloud/spring-cloud-config,7d7b2c3ce014841c61cbc5eeb2ee7ba9f21b182b
devnied_EMV-NFC-Paycard-Enrollment,https://github.com/devnied/EMV-NFC-Paycard-Enrollment,68bd2e037475609a214bad88ddbb8e01e1be2f97
takari_polyglot-maven,https://github.com/takari/polyglot-maven,2f72767b89edd07d93f78e1b7eec884366897572
apache_mina,https://github.com/apache/mina,06a2cb9db8d768fdca7ca1174c9800adb9d5229c
structr_structr,https://github.com/structr/structr,a1cae25462debcba43a2b736422e46cde9c5538a
centic9_jgit-cookbook,https://github.com/centic9/jgit-cookbook,dab33bcdca61e2e580b178ee93f039abf9a71dce
Parquet_parquet-format,https://github.com/Parquet/parquet-format,f7ab552f569df63bdb59f751d0dd36e826682739
normanmaurer_netty-in-action,https://github.com/normanmaurer/netty-in-action,5a61bfcdcf5aff6b994a53ec1f7b3c288bdb278a
yahoo_egads,https://github.com/yahoo/egads,8cfa69dc2a77d8046cfbca01bfc864fdbcc41d58
spring-io_initializr,https://github.com/spring-io/initializr,0de3a75adfa1d5e784e11c346752ebc4f2ccbd72
yahoo_samoa,https://github.com/yahoo/samoa,540a2c30167ac85c432b593baabd5ca97e7e8a0f
liyifeng1994_ssm,https://github.com/liyifeng1994/ssm,e218c643d57e30837e3c93566768544b4ecc0936
larsga_Duke,https://github.com/larsga/Duke,dda63901a144a624ed7d68e3a17cc9403d77a70e
mitre_HTTP-Proxy-Servlet,https://github.com/mitre/HTTP-Proxy-Servlet,a5b6ec753614c8f1fde99a373dc7ee4fce260f46
Nukkit_Nukkit,https://github.com/Nukkit/Nukkit,46542a34b4f6ae9c1ff1c9229c2c282c28bb50aa
jooby-project_jooby,https://github.com/jooby-project/jooby,6c61f361d066ce2a85bab8915259685f5bc5c312
konsoletyper_teavm,https://github.com/konsoletyper/teavm,d49354bdacf259e5ce8b82f29662da444dce6b0c
caelum_vraptor,https://github.com/caelum/vraptor,db2bae56d9d272afcd2f7c12a9bd0f24022edccf
tomoya92_pybbs,https://github.com/tomoya92/pybbs,4fd297bbbeb16d2fd536b6b0ac1c8f7aaf507259
ralfstx_minimal-json,https://github.com/ralfstx/minimal-json,e7f9fe0f51b501e1cb4c8f969d9f47da7ab75f53
SmartBear_soapui,https://github.com/SmartBear/soapui,0562c0f1357c526711eabf1a87dfb5622f92a721
restx_restx,https://github.com/restx/restx,7ffe0a537e9483796fedd940000a79ec346c60f3
bazaarvoice_jolt,https://github.com/bazaarvoice/jolt,6689368792b8f28188c51657dc17b1f0ebce8577
uber_chaperone,https://github.com/uber/chaperone,f739e8b652c51eeaea5d4fe1c662b92903f11ca0
psi-probe_psi-probe,https://github.com/psi-probe/psi-probe,0410c28231b8a37ca1bc6d4a84445c2a4895390c
yahoo_storm-yarn,https://github.com/yahoo/storm-yarn,f2fcb2c3bcc74ddb57675fdd81a8f49b738c1880
apache_giraph,https://github.com/apache/giraph,a1d546f7a39df6ffb7d3ed9d3bcc47126ab2e579
deeplearning4j_dl4j-examples,https://github.com/deeplearning4j/dl4j-examples,627b0e2c1ea7bf2376b99a893c1e0fe79d80262b
paulc4_microservices-demo,https://github.com/paulc4/microservices-demo,eef83118a0fc247eaacfa27c5a1c03c279c90821
spring-projects_spring-retry,https://github.com/spring-projects/spring-retry,c032143b5c6a64ac10e3d277226b50c8469e4408
geotools_geotools,https://github.com/geotools/geotools,d33062f4455abaff352ee3cb347d00fe4573f86a
shyiko_mysql-binlog-connector-java,https://github.com/shyiko/mysql-binlog-connector-java,383ccd0e54a2094569312250cb13133e4f535727
a2888409_face2face,https://github.com/a2888409/face2face,2719352580ce282566f9d7d60cddd659a1f50f73
cometd_cometd,https://github.com/cometd/cometd,781a471dbc8ecff988715067b1490b6db5bd3a64
apache_parquet-mr,https://github.com/apache/parquet-mr,2fd62ee4d524c270764e9b91dca72e5cf1a005b7
atilika_kuromoji,https://github.com/atilika/kuromoji,d0700ab6dd489aaf0fcb1e4e78ce2f682be9f255
apache_wicket,https://github.com/apache/wicket,b909ea8e2f3a7eef2d4caca6eaa251cc4cfa400a
szerhusenBC_jwt-spring-security-demo,https://github.com/szerhusenBC/jwt-spring-security-demo,009edaa9f86fd3b332bd2d7340ebbf6ef6c85725
klout_brickhouse,https://github.com/klout/brickhouse,863a370820f64a7825c337f708116149978c097a
timmolter_XChart,https://github.com/timmolter/XChart,5522a0fc4a22d7d12816cce529ec3227bfd61813
skavanagh_EC2Box,https://github.com/skavanagh/EC2Box,95e638b7a6d348e0e949d3feed3be70e6f477320
Stratio_cassandra-lucene-index,https://github.com/Stratio/cassandra-lucene-index,1aa2e90895189608730d4bc8175602bd1fcddb79
mikiobraun_jblas,https://github.com/mikiobraun/jblas,8213dba95a71b8c12f190dd04b2b0b68dcb67287
twitter_GraphJet,https://github.com/twitter/GraphJet,b1f349f5922d2310935f53a7218e17166a707151
rgladwell_m2e-android,https://github.com/rgladwell/m2e-android,15f9e732d28c0be9a26ae4fa50514957d8c97acb
rcongiu_Hive-JSON-Serde,https://github.com/rcongiu/Hive-JSON-Serde,187c1bb098379d8366f553b761b55ebb5345a743
mcMMO-Dev_mcMMO,https://github.com/mcMMO-Dev/mcMMO,69151f0855ef6ec3d6f3add82519f05203bf1d9c
keepkey_multibit,https://github.com/keepkey/multibit,9e0891aacd357e13d1c775bf89f682058c72c180
dboissier_mongo4idea,https://github.com/dboissier/mongo4idea,fb02c6f5d10fc0854d9ab0613659980410e812a5
martylamb_nailgun,https://github.com/martylamb/nailgun,1ad9ad9d2d17c895144a9ee0e7acb1d3d90fb66f
camunda_camunda-bpm-platform,https://github.com/camunda/camunda-bpm-platform,696c9e18776c3c7ade6dfed8c81b49bded151790
vaadin_dashboard-demo,https://github.com/vaadin/dashboard-demo,885e4648c884c63ceb7fcf4faaa28429f640a681
INRIA_spoon,https://github.com/INRIA/spoon,f190d8ebcdcfdba60a5490a5a934599fd93b159d
giltene_jHiccup,https://github.com/giltene/jHiccup,b5a896f119f28b3bf418ddbf2b857b34c4d99bf9
jitsi_jitsi-videobridge,https://github.com/jitsi/jitsi-videobridge,36429cf5d8d26dd9caa47a8656b11a2fe08b42d6
RustDT_RustDT,https://github.com/RustDT/RustDT,bf80dd724cf98627f77d2a5b700b48ad716bf081
dibbhatt_kafka-spark-consumer,https://github.com/dibbhatt/kafka-spark-consumer,49d2d9d99c5fecff9a282994f7421a21ad9c5c7a
ios-driver_ios-driver,https://github.com/ios-driver/ios-driver,a9744419508d970fbb1ce18e4326cc624b237c8b
apache_tinkerpop,https://github.com/apache/tinkerpop,0c06007b5674e0e38f0ab2039a9148562a06daf0
antlr_stringtemplate4,https://github.com/antlr/stringtemplate4,54cab827e812fb3dd89318206ebe6ed426bab0d6
coolcooldee_sloth,https://github.com/coolcooldee/sloth,135d030a0a4c177666f03054f6c0e12ce846e371
cloudera_spark-dataflow,https://github.com/cloudera/spark-dataflow,95d66c081f213766fff3d824187c071754203e4d
javafx-maven-plugin_javafx-maven-plugin,https://github.com/javafx-maven-plugin/javafx-maven-plugin,13a5087c2cf935274b4cac3a75c80c5c890c2778
rakam-io_rakam,https://github.com/rakam-io/rakam,cc70623c9918e410f3bed1ff63cdf1284251b9a0
aerogear_aerogear-unifiedpush-server,https://github.com/aerogear/aerogear-unifiedpush-server,48a96ac4368f91453abb9045a539b10894dff0af
impossibl_pgjdbc-ng,https://github.com/impossibl/pgjdbc-ng,c50d3358ad9ba060fdfad4a64a3f0ed6ae45a58a
hibernate_hibernate-validator,https://github.com/hibernate/hibernate-validator,a249950b37051a1f5e6677cee4e5c23400318f79
caelum_vraptor4,https://github.com/caelum/vraptor4,2d5b893d57b152992181e5c6e6f14e3628a950e1
tuenti_SmsRadar,https://github.com/tuenti/SmsRadar,598553c69c474634a1d4041a39f015f0b4c33a6d
facebookarchive_linkbench,https://github.com/facebookarchive/linkbench,ac67d54bf291eb9546d5480ffa4b2c2ef9ff0740
digitalfondue_lavagna,https://github.com/digitalfondue/lavagna,d01af2608283fe1515bad76c4ecfcf548339fdff
tdunning_MiA,https://github.com/tdunning/MiA,757c7063535568176c3ea755a84178a77de97ead
tamingtext_book,https://github.com/tamingtext/book,e635c892f22b7ca63249f0377eb727354e839b48
ippontech_tatami,https://github.com/ippontech/tatami,90fdbfc474dca03ede431460237a80f8e442cbe3
stoicflame_enunciate,https://github.com/stoicflame/enunciate,b61607517bb9c304248b464682bc00e926ae21ec
spring-projects_eclipse-integration-gradle,https://github.com/spring-projects/eclipse-integration-gradle,c7688d8b254ba37cf434d9c58d6aee6a847481d5
davidB_scala-maven-plugin,https://github.com/davidB/scala-maven-plugin,6c52838b4f328fddfd4cf3b401e0fa1c1632a77e
Netflix_Surus,https://github.com/Netflix/Surus,3f68bd384e2267ca00602febe4a382a55a40eb4d
SoftInstigate_restheart,https://github.com/SoftInstigate/restheart,903338b315142c2aad377e0cf9109cc593f6dc47
eclipse_paho.mqtt.java,https://github.com/eclipse/paho.mqtt.java,562593c35d6079bc55dc60cabdcb81cea30f4d7b
easymock_easymock,https://github.com/easymock/easymock,ac5a69d876e8eb9b842a45162644523b4c7da326
aws_aws-sdk-android,https://github.com/aws/aws-sdk-android,66de0792ff38027798e92ef5681f2c066ee83620
melin_super-diamond,https://github.com/melin/super-diamond,d049b9ec383d4fe1dbd1603a2bee94ce2d1b476e
kongchen_swagger-maven-plugin,https://github.com/kongchen/swagger-maven-plugin,4666554fc18d7e50fedea016eba85df33a8dcc7b
kaitoy_pcap4j,https://github.com/kaitoy/pcap4j,8b5c5643665b9abcc0af0cf40585a477ee52c99f
pires_obd-java-api,https://github.com/pires/obd-java-api,e6bd627c66bb0ff42e404cc927c50555838bb2ae
dangdangdotcom_config-toolkit,https://github.com/dangdangdotcom/config-toolkit,92a1a246dc2caf0751b7172f642215e0e86ca43a
yacy_yacy_search_server,https://github.com/yacy/yacy_search_server,29e511062769b24a93493bdcd549edfeaa14be35
vbauer_jackdaw,https://github.com/vbauer/jackdaw,c7856b596a8b6c89257ac0df9fbf9cade95fa1e2
DeemOpen_zkui,https://github.com/DeemOpen/zkui,dafbd3041532750008658e6c0be084d9d37a914c
im-qq_webqq-core,https://github.com/im-qq/webqq-core,09bdcd70e4e89a3b05db266ebfff4a9d9cb1dca1
jcabi_jcabi-aspects,https://github.com/jcabi/jcabi-aspects,1e291b72abaa145983c8048396b6a412ba199fb6
spring-cloud_spring-cloud-sleuth,https://github.com/spring-cloud/spring-cloud-sleuth,e98d8129e20676818739cb9836297f6f5748328c
google_caliper,https://github.com/google/caliper,2671d9589b111de34f1835f51b0696ebeb103203
vinumeris_lighthouse,https://github.com/vinumeris/lighthouse,1b2c43fd0b01d2e13dd5691bc24ab283af455401
mybatis_jpetstore-6,https://github.com/mybatis/jpetstore-6,2787cff21efb9909fd49f64c220882fe4604c6c4
apache_accumulo,https://github.com/apache/accumulo,f159ec1fd23d0f4bad34f22c72ee52dad1f9bfc9
swagger-api_swagger-socket,https://github.com/swagger-api/swagger-socket,8e8adcb9a4680299cbb7cc2a67595061c149d0d5
HuaweiBigData_StreamCQL,https://github.com/HuaweiBigData/StreamCQL,f38a780c351551e4e81711d3e5dfef5befe83252
hot13399_spring-mvc-mini,https://github.com/hot13399/spring-mvc-mini,17591fade9be8be4e50f8e9bde5248515e7221ff
brahalla_Cerberus,https://github.com/brahalla/Cerberus,4bc2bcdb83055a65328ed1749082b27374f46e05
apiman_apiman,https://github.com/apiman/apiman,d3cedc5e05f143d45df8aa065e61de40b441c7fc
influxdata_influxdb-java,https://github.com/influxdata/influxdb-java,bfe1ad7a82db32b9b7a940b04dd7a2d29dffb092
DigitalPebble_storm-crawler,https://github.com/DigitalPebble/storm-crawler,be93b75354f6dbddabf9e43bae029a271de2cf2a
kite-sdk_kite,https://github.com/kite-sdk/kite,d3f914455e9ae90442cfb65922e56fadf76d2770
yegor256_takes,https://github.com/yegor256/takes,07f1db2c07ea792068647197099d8b16eb469aa5
wucao_JDeploy,https://github.com/wucao/JDeploy,3a6b2899f2f596649b6c272dcb67372d4dd6c6a2
jpush_jpush-api-java-client,https://github.com/jpush/jpush-api-java-client,25efbc3e5bb7f7a027b3cc3a75b30e047e3707f9
medcl_elasticsearch-analysis-mmseg,https://github.com/medcl/elasticsearch-analysis-mmseg,b485ab180cf7b8c94805f4e084bb926d2c1f8ee9
im-qq_netty-chat,https://github.com/im-qq/netty-chat,402b67e0ab54d15278aed356a57877924e9a5656
taweili_ardublock,https://github.com/taweili/ardublock,fdb60154a75473e2952c21f22e28230e4e70998b
redpen-cc_redpen,https://github.com/redpen-cc/redpen,93f8cf05fb3c4eec3ec6635b03981f824ac6432c
dadoonet_fscrawler,https://github.com/dadoonet/fscrawler,da908ac3f284d5096741ce88773110b5e7b9ab4f
Multiverse_Multiverse-Core,https://github.com/Multiverse/Multiverse-Core,806c5909c4f44f0e2cd235043d730cc8ede32435
yinwang0_rubysonar,https://github.com/yinwang0/rubysonar,ee2cd81c4f5fbf3c550134fa94d282179fe6d30c
Atmosphere_nettosphere,https://github.com/Atmosphere/nettosphere,9d57c82c400e07b6e7ab3eb250005b59b52dfc7c
caelum_mamute,https://github.com/caelum/mamute,4431e3af5f9e29c46c4735ef1cb4b9e4756dfbac
Asquera_elasticsearch-http-basic,https://github.com/Asquera/elasticsearch-http-basic,ebf045c373bdf59cc79d578b00ec09c23d4eb735
pranab_sifarish,https://github.com/pranab/sifarish,624f22062e01c1f99456797d83f5a7dec841b7d1
awslabs_cloudwatch-logs-subscription-consumer,https://github.com/awslabs/cloudwatch-logs-subscription-consumer,196ad990ad151815bcfca1bac2697a8491363d4c
httl_httl,https://github.com/httl/httl,e13e00f4ab41252a8f53d6dafd4a6610be9dcaad
hengyunabc_xdiamond,https://github.com/hengyunabc/xdiamond,10472df0b07dc54229db887cf7d4bbc8cad4ec1f
yegor256_rultor,https://github.com/yegor256/rultor,5ba2d2240d3486b83a7e77a2d6995835d65df51e
jexp_batch-import,https://github.com/jexp/batch-import,e9edf902371a7f0fde385f24d844ed2d8742b124
apache_opennlp,https://github.com/apache/opennlp,6c32e3fd6e550ce7087c825573322dba281d596d
weld_core,https://github.com/weld/core,a44b0914097681ad78087f11fe52c99a9d82931c
xvitcoder_spring-mvc-angularjs,https://github.com/xvitcoder/spring-mvc-angularjs,32770fd1c1c58507c9c3bf9d17fd5d0301e40c65
yegor256_eo,https://github.com/yegor256/eo,288c458f34e3d7c2cc50a1176e66416859e0ed3d
spring-projects_spring-amqp-samples,https://github.com/spring-projects/spring-amqp-samples,9e01ef054f4e6ff99507e289c5fa0f2e4731859c
basho_riak-java-client,https://github.com/basho/riak-java-client,f03666b13f6a32dc82bf98d4d072a4f587e5456e
jenkinsci_mesos-plugin,https://github.com/jenkinsci/mesos-plugin,7db7b76c96bb4d63fcdc7aa89690c511e648a436
apereo_java-cas-client,https://github.com/apereo/java-cas-client,675eeab7409f6cfcb9992288f66a62e33a478e47
PeteGoo_tcSlackBuildNotifier,https://github.com/PeteGoo/tcSlackBuildNotifier,bd08324b33267f9314adec74ef8c4e4832ed77a9
oshi_oshi,https://github.com/oshi/oshi,07018e532083a3d90a6b474202c67ce010bf7c48
amaembo_huntbugs,https://github.com/amaembo/huntbugs,e76925520531218d91a985e69d42b5c7ac4ca134
lemire_JavaFastPFOR,https://github.com/lemire/JavaFastPFOR,26cb5f8086197f2db5109a41f19d0d96c7d702d3
networknt_light-java,https://github.com/networknt/light-java,ade6ca064ef1b3ae769dd9f75d716df8ad465a7e
twilio_twilio-java,https://github.com/twilio/twilio-java,6622126b0c4959671d803b49a1c51217c56dbd79
tobiasflohre_movie-database,https://github.com/tobiasflohre/movie-database,c22be37400ba4b843e7fc02ce979c49111e44836
lemire_javaewah,https://github.com/lemire/javaewah,59f7631645abd3ed8b590590311f931bdefc8a74
awslabs_amazon-kinesis-connectors,https://github.com/awslabs/amazon-kinesis-connectors,13e41407e617aadf248ca7e636af2f198bdfae4e
awslabs_amazon-kinesis-client,https://github.com/awslabs/amazon-kinesis-client,92e8c28995dd2617ffb765b7a491c7a0bf32a982
spring-projects_spring-data-commons,https://github.com/spring-projects/spring-data-commons,5601e90b312d4f47da3b0923a8cb61188ea48cd7
urbanairship_datacube,https://github.com/urbanairship/datacube,bb48abc86a9647fbfc8d44de145f856fcc11f7df
usc-isi-i2_Web-Karma,https://github.com/usc-isi-i2/Web-Karma,2b671d1b4b2f592a05e1803bffd90c2fa31d3689
tabulapdf_tabula-java,https://github.com/tabulapdf/tabula-java,fc0eff4fe092b9d259177253409f53e798006edd
WebGoat_WebGoat-Legacy,https://github.com/WebGoat/WebGoat-Legacy,285d467e26e15b1580f9f8e28f63b0c4dc5dde4f
OpenHFT_Java-Lang,https://github.com/OpenHFT/Java-Lang,d261575691d9daf975688e4f857326ab67fc4c5b
Comcast_cmb,https://github.com/Comcast/cmb,3dea7982755822b9b7c647074c972a1bc36dd408
jawi_ols,https://github.com/jawi/ols,e5cc973d48e7773d9dc6a6807dea41775cfb7fed
awslabs_dynamodb-titan-storage-backend,https://github.com/awslabs/dynamodb-titan-storage-backend,4edd148cd80fcc37d973e5b855ad89671e5b898c
apache_logging-log4j2,https://github.com/apache/logging-log4j2,30afee1073c6bfad6fcaf691f2838e550dda58fc
jeremyh_jBCrypt,https://github.com/jeremyh/jBCrypt,e015c2c110ab7cf544400893f3543b45f359ff58
sismics_reader,https://github.com/sismics/reader,f6eeff7cc2ab9ff2bd62321c825e7320fd216463
winterstein_Eclipse-Markdown-Editor-Plugin,https://github.com/winterstein/Eclipse-Markdown-Editor-Plugin,0f9897bce927234ff0a0debad8c165aa59df6ed5
dcaoyuan_nbscala,https://github.com/dcaoyuan/nbscala,59f1dce17e2a68bca31a75521073ed70489c8e37
nurkiewicz_spring-data-jdbc-repository,https://github.com/nurkiewicz/spring-data-jdbc-repository,fafe7dc82e6b2d20eec52c30b4d4a3a17ff0cd77
trautonen_coveralls-maven-plugin,https://github.com/trautonen/coveralls-maven-plugin,0a4b0e6d8448e51f723046643ad88f8ac43c52ca
jsimone_webapp-runner,https://github.com/jsimone/webapp-runner,ee3f8de6a1a27285a7ee8158062c9ccd1296cb46
stripe_stripe-java,https://github.com/stripe/stripe-java,d083846c1b044fe30ef5c59fca066424390431f8
sakaiproject_sakai,https://github.com/sakaiproject/sakai,ed54555ec60a0827bc6cd480417c2d5305c5f470
tumblr_jumblr,https://github.com/tumblr/jumblr,68fa791e60021902a52c62792948b169c466f6d8
etsy_statsd-jvm-profiler,https://github.com/etsy/statsd-jvm-profiler,3fd399a1b19cd707e4cb42f0c6548b97b10427e4
salesforce_Argus,https://github.com/salesforce/Argus,711ca2388f8874b4ab40d403c511ab9debb85b28
codingXiaxw_seckill,https://github.com/codingXiaxw/seckill,4db7c5512b1162914406c8b635e823f56614194e
openscoring_openscoring,https://github.com/openscoring/openscoring,a1b4d592ca5cbe71b5e26f47a6740e6c012927e2
allegro_grunt-maven-plugin,https://github.com/allegro/grunt-maven-plugin,24930c2c49f427c62886651d55d85c3a711800b4
hibernate_hibernate-ogm,https://github.com/hibernate/hibernate-ogm,299f590dcd4842e4dd332274804e22fb842951f2
Sloeber_arduino-eclipse-plugin,https://github.com/Sloeber/arduino-eclipse-plugin,d6c7c6fee482eb2322847fab8bec7b5ef0abd9a4
cobbzilla_s3s3mirror,https://github.com/cobbzilla/s3s3mirror,116688e441fb73aa764af536a4c18cd9fedec554
opentracing_opentracing-java,https://github.com/opentracing/opentracing-java,bc1983e3c683ed8d1b8df45b75ebbf9f122e55d1
NLPchina_elasticsearch-analysis-ansj,https://github.com/NLPchina/elasticsearch-analysis-ansj,31d3eb3f04e71db38d6b285e45f8fea7e6899254
apache_eagle,https://github.com/apache/eagle,812002740cd6acea8c5e4b2f0e2267e47668aa10
mono_sharpen,https://github.com/mono/sharpen,d6ea9528fc18d71e715eee4638675d9ad7160bb0
google_openrtb,https://github.com/google/openrtb,98ba619a982295e0843e26e30fc04d0a01c579f1
apache_apex-core,https://github.com/apache/apex-core,b4a4e05170980547d791ff0d8fd42c2f00e2306a
diegoceccarelli_json-wikipedia,https://github.com/diegoceccarelli/json-wikipedia,9fcf07c23c0af16478e680ac241cde381ecc0944
hibernate_hibernate-search,https://github.com/hibernate/hibernate-search,85dbdc2137b2a62a3dbbab99d3ad88b62ee1a1c6
chocoteam_choco-solver,https://github.com/chocoteam/choco-solver,bceb762964d752d1429f44818adda0a8d17f2a78
ihaolin_antares,https://github.com/ihaolin/antares,883730f0961cd7724563ca2fad081894909d5e2e
dcm4che_dcm4che,https://github.com/dcm4che/dcm4che,65d38027893a0bbb4e887b84462100f059ddd9fb
asterisk-java_asterisk-java,https://github.com/asterisk-java/asterisk-java,d9eb4a9371201b4552a7c428527f4e2f27c7eb0e
forcedotcom_idecore,https://github.com/forcedotcom/idecore,bdb727e24022632bb1387a2b969c8233d04f0453
hantsy_angularjs-springmvc-sample,https://github.com/hantsy/angularjs-springmvc-sample,8106b81a61935b1fc83117a82da47a62ed72910b
Adobe-Consulting-Services_acs-aem-commons,https://github.com/Adobe-Consulting-Services/acs-aem-commons,a35ebbc9a57ebc5c052d4e75520b2a9d48a8dab2
spring-cloud_spring-cloud-consul,https://github.com/spring-cloud/spring-cloud-consul,d8b1bc7ed8804b95f1e005cfdcbfe531c689348b
talios_clojure-maven-plugin,https://github.com/talios/clojure-maven-plugin,1676e1ad399ac3a6dc3180fd2fb7f9cec2a0030d
jgritman_httpbuilder,https://github.com/jgritman/httpbuilder,72fb50a94cbd85f7cde17be0ea6b8e8375bc573e
wks_ik-analyzer,https://github.com/wks/ik-analyzer,ee504512b0da0e5218fabba5ef8824fa72a16e94
agoncal_agoncal-book-javaee7,https://github.com/agoncal/agoncal-book-javaee7,40029d57962fa5a4e2b326056b8e7970c3d52050
jsonld-java_jsonld-java,https://github.com/jsonld-java/jsonld-java,b3e9e9c574d5b07d4fa674020d8ece00736671b0
JeffLi1993_springboot-learning-example,https://github.com/JeffLi1993/springboot-learning-example,f16a77cc0c75bdf0c5ff0f8f302088772eacb36a
mesosphere_cassandra-mesos-deprecated,https://github.com/mesosphere/cassandra-mesos-deprecated,70766ea079e6845c0d8820593b566824be01033c
rafaelsteil_jforum3,https://github.com/rafaelsteil/jforum3,8c7c326e5142900e2228b47967ba3e8d9c086fac
apache_bigtop,https://github.com/apache/bigtop,dc14acdfa6f13e738d73ea5e3ec88abc965b47a1
jmeter-maven-plugin_jmeter-maven-plugin,https://github.com/jmeter-maven-plugin/jmeter-maven-plugin,8a7a91a3cf144cb4853cd04a4786c00d3cdafa82
jhunters_jprotobuf,https://github.com/jhunters/jprotobuf,2c33d4fa710d38eaab851e2499dadfa85a9b4c3e
apache_incubator-metron,https://github.com/apache/incubator-metron,64ff4694bbdc3d7584b931f571a91bff74d56874
wso2_msf4j,https://github.com/wso2/msf4j,fd7bd9b4b013d72f03b080cb07c7f60bc9b0d78a
apache_struts-examples,https://github.com/apache/struts-examples,1b98fdcdd8212a9fe9dbcae94dec27af46611062
rythmengine_rythmengine,https://github.com/rythmengine/rythmengine,ce0f7c510a652426538633178cbdcc2b31fa9787
AdamBien_afterburner.fx,https://github.com/AdamBien/afterburner.fx,a24f8cbf34136fcc65823c3aff9ed7c31c338c70
spotify_netty-zmtp,https://github.com/spotify/netty-zmtp,bbdcf4cc45ef721d69095f53e13928a7e8003e3e
debezium_debezium,https://github.com/debezium/debezium,7a72ed6ae65e806587e0145ca871a30069f364fe
HuaweiBigData_carbondata,https://github.com/HuaweiBigData/carbondata,61a5d2abbc62c8d264d2b2433772db2262fcd121
intuit_wasabi,https://github.com/intuit/wasabi,ccb0a5054e70555ef24af68789e411b32177b982
apache_sling,https://github.com/apache/sling,0e004bd30e07498705f0fed7fdc126821f2d2046
stefanbirkner_system-rules,https://github.com/stefanbirkner/system-rules,1a76ea939a052c794f0051a5a33725c8e50b517f
tkohout_OSTRAJava,https://github.com/tkohout/OSTRAJava,d04d5fd237b6e13401835d4bce07b5a066bdd38f
saikrishna321_AppiumTestDistribution,https://github.com/saikrishna321/AppiumTestDistribution,dd4379a182d48a8b302a12dbab27eb3e0ea92983
RUB-NDS_WS-Attacker,https://github.com/RUB-NDS/WS-Attacker,c1c556216fde64eeb1d446b2f1c3f700420fae0a
apache_jackrabbit-oak,https://github.com/apache/jackrabbit-oak,b940089fed784f1d0772a75bb800d45be4b3052c
freedomotic_freedomotic,https://github.com/freedomotic/freedomotic,c7aa40247af13bb08f077ccff15dbd1c8eabf87c
jqno_equalsverifier,https://github.com/jqno/equalsverifier,ec275e11787e7b7267410af492502dc3e7525858
jexp_neo4j-shell-tools,https://github.com/jexp/neo4j-shell-tools,4a7c35d2e6cecb81b78f108a59a6e190b2db674e
OpenGamma_Strata,https://github.com/OpenGamma/Strata,c431e5add1b26132d1ed899eed0fee646b5f96b9
easymock_objenesis,https://github.com/easymock/objenesis,1d00f0fd67c1a3fc6e933764e1a52f7331d18cea
apache_incubator-guacamole-client,https://github.com/apache/incubator-guacamole-client,8a0a6e3152f75de8ec75fa45607169ae1a03f64b
Berico-Technologies_CLAVIN,https://github.com/Berico-Technologies/CLAVIN,f73c741f33a01b91aa5b06e71860bc354ef3010d
antlr_codebuff,https://github.com/antlr/codebuff,5cf01d94cbb6a1a3d94d08ab1b8142333799b869
apache_parquet-format,https://github.com/apache/parquet-format,65e851eae174c1635a5d5ca38f69c81e7ecc7092
jreijn_spring-comparing-template-engines,https://github.com/jreijn/spring-comparing-template-engines,a05910f76f1568791baee3356a9483817dcc9a32
spotify_cassandra-reaper,https://github.com/spotify/cassandra-reaper,316f10fe0493ad56b9509437a70d796c7d81c6c9
davidmoten_geo,https://github.com/davidmoten/geo,b724a8a2bda2e04abb56dbd82a76c3d0d104f3a1
jbehave_jbehave-core,https://github.com/jbehave/jbehave-core,d482a5d6f4092f5802c37ca4ebe7751a1d046376
dianping_zebra,https://github.com/dianping/zebra,58d3ba8fa7d1c21c0365814edc9bfb6467324c9b
neophob_PixelController,https://github.com/neophob/PixelController,94b02e5597e761dd8b22a5f8e2468408c2674f7e
ihaolin_wepay,https://github.com/ihaolin/wepay,c7485ca4a0ff3c75b16e54c56cc7f46305c47c1f
Aconex_scrutineer,https://github.com/Aconex/scrutineer,2151e59c0a8be46bd943958a7a55ff1fab4405e4
awslabs_dynamodb-transactions,https://github.com/awslabs/dynamodb-transactions,8640f989a91dc427dd64a07b93b962f2dcb8662a
NGDATA_hbase-indexer,https://github.com/NGDATA/hbase-indexer,223d8da6d9aa8d61a1c45f26e8d5014b012e2d06
aggregateknowledge_java-hll,https://github.com/aggregateknowledge/java-hll,1f4126e79a85b79581460c75bf1c1634b8a7402d
stormpath_stormpath-sdk-java,https://github.com/stormpath/stormpath-sdk-java,878839026f4025e54e8297968f8e18781a8b5f4c
forge_core,https://github.com/forge/core,ec1498b00fbe1df7b112361ae2737fc3f592694d
jenkinsci_github-plugin,https://github.com/jenkinsci/github-plugin,ece87bf4335beffb18db133bac8d01a7d928b99d
orfjackal_idea-sbt-plugin,https://github.com/orfjackal/idea-sbt-plugin,9aa5cafda1fdfe7241f16ba4b68ca3fed74ae509
lambadaframework_lambadaframework,https://github.com/lambadaframework/lambadaframework,d23634049cc27d280d033b4af88a42b75fd93d50
graphaware_neo4j-reco,https://github.com/graphaware/neo4j-reco,228abec611079bbbae56ab6d96613527711fc632
ModeShape_modeshape,https://github.com/ModeShape/modeshape,eb6340db39a3fc12f632debb660411b793126d91
glowroot_glowroot,https://github.com/glowroot/glowroot,e5e678f13935e7d35718018905fe0dfefcfa1df7
awslabs_dynamodb-geo,https://github.com/awslabs/dynamodb-geo,8fd3e7b408650a937735ffb6527516dba239a1db
Baeldung_spring-security-oauth,https://github.com/Baeldung/spring-security-oauth,ab3b9831fbc34060c30ac0be58d3fc46e4d09347
apache_activemq-artemis,https://github.com/apache/activemq-artemis,07f7916ed334e3255df7f91e85c447c597f47370
twitter_joauth,https://github.com/twitter/joauth,7bea87395b29e1bec0d0989fb51ef44dae908ea6
Ardesco_Selenium-Maven-Template,https://github.com/Ardesco/Selenium-Maven-Template,882cfcb14721f8896a9fc3a9a77dca48e80d3ce8
jmacglashan_burlap,https://github.com/jmacglashan/burlap,40bc282f6f357f385bfaac65b673bbe7ecf5c264
jenkinsci_java-client-api,https://github.com/jenkinsci/java-client-api,1e772a160ff54624d6058b04efaecb62199487f2
CorfuDB_CorfuDB,https://github.com/CorfuDB/CorfuDB,7a112dec9cc299965b886f901f7e683e818529c1
soundcloud_java-api-wrapper,https://github.com/soundcloud/java-api-wrapper,375f17e661e640a6dde57188a2d56234f8785c7e
CodeStory_fluent-http,https://github.com/CodeStory/fluent-http,fe363dc7c81746c7eafda9d6a490a565efa418fc
apache_tomee,https://github.com/apache/tomee,17c277f54885ecfaacdd1d2cebc01679c87ad6a1
opendaylight_controller,https://github.com/opendaylight/controller,583f30d1c7a8199b401c9393745c62fe27b5ced8
neo4j-contrib_neoclipse,https://github.com/neo4j-contrib/neoclipse,481b3c74b401488ee45b684a81c2bd357aaedf2f
yago-naga_aida,https://github.com/yago-naga/aida,598f45879b89cefdb8bfc9fff3cd4a9d6e42c6b5
caskdata_cdap,https://github.com/caskdata/cdap,332afa3af0918bec49d013e3a3356b8c8dd70624
fusesource_hawtdispatch,https://github.com/fusesource/hawtdispatch,1bd0a7bbf1edfc79685c8517d06bbc2e50162698
vmware_xenon,https://github.com/vmware/xenon,72da0b649aab1e47bdfb359f856357386b5b82ac
snazy_ohc,https://github.com/snazy/ohc,23cf599385e699b4dce4b4fe3fc6e6db60cf0b1e
jcgay_maven-color,https://github.com/jcgay/maven-color,c52458b3933bc131e4acaf116c408a9fe690cb74
mongojack_mongojack,https://github.com/mongojack/mongojack,cf00cb2b79f709b8bd19aa67428e27b57ae4e24c
analytically_innerbuilder,https://github.com/analytically/innerbuilder,c630becd7cd32410d4f12c102d35dc0b4a5151e9
fabric8io_spring-cloud-kubernetes,https://github.com/fabric8io/spring-cloud-kubernetes,4b268a34325ff35330710ee2563b9eebfaad2408
SonarSource_sonar-java,https://github.com/SonarSource/sonar-java,a7fd3bdb01c58471a2a70e48e8ea6be81754d748
threerings_getdown,https://github.com/threerings/getdown,9e23a426a66199fb3c36100256933b36f7d7c60e
greenmail-mail-test_greenmail,https://github.com/greenmail-mail-test/greenmail,eba84313ebae827b6f723faee81cfe79b0490a15
ddf-project_DDF,https://github.com/ddf-project/DDF,e4e68315dcec1ed8b287bf1ee73baa88e7e41eba
patrickfav_density-converter,https://github.com/patrickfav/density-converter,2ba8373b39a2db0ca34b1389ace7c12a0eabc3e7
antlr4ide_antlr4ide,https://github.com/antlr4ide/antlr4ide,e1d6a5772982bfa80927e6d898b2186f52adc1d3
ogrisel_pignlproc,https://github.com/ogrisel/pignlproc,1a6099806af607c6ee541a19d1be2b68c04dca0f
protegeproject_webprotege,https://github.com/protegeproject/webprotege,e4097d21e5f56ec66d8f9821bfb6e8f86b2d7e6f
eivindveg_HotSUploader,https://github.com/eivindveg/HotSUploader,5d5e0e9863e110f89de4d7c70e063f0b6c7129dd
sendgrid_sendgrid-java,https://github.com/sendgrid/sendgrid-java,bec414ff6d1cc9736e5e936e72653445ba7a6153
s3-wagon-private_s3-wagon-private,https://github.com/s3-wagon-private/s3-wagon-private,aeb33461965a184373ccef6998f9101a56226c4d
smooks_smooks,https://github.com/smooks/smooks,c419f29daca283d93bfc30b2c9d2de92d3766611
yegor256_s3auth,https://github.com/yegor256/s3auth,779af36154dc7973ac796a9a8441fb833c95220f
bmwcarit_barefoot,https://github.com/bmwcarit/barefoot,508aaa09fa38f9b8a997316dff856d7b59421c26
UglyTroLL_Douban-Java-SDK-OAuth2,https://github.com/UglyTroLL/Douban-Java-SDK-OAuth2,439dccec9b7ff3de5b4f0fb901023ca4a9877c12
apache_jackrabbit,https://github.com/apache/jackrabbit,15d94d468b73c4bd26498902f5ed7ca6906be7f2
graphhopper_map-matching,https://github.com/graphhopper/map-matching,929ffb6e18e4e6e6d3dd1a05f4209ae20778997d
jenkinsci_docker-slaves-plugin,https://github.com/jenkinsci/docker-slaves-plugin,ecb04916480e076274c9aa32e74a39e1f785f35e
jpmml_jpmml-evaluator,https://github.com/jpmml/jpmml-evaluator,2507d728aa35d51b7fe265ecce753b31ab7d2656
Hidendra_LWC,https://github.com/Hidendra/LWC,71811e6fe9256e27787084b54158baa926b65a7a
jenkinsci_docker-build-publish-plugin,https://github.com/jenkinsci/docker-build-publish-plugin,fe30b16ad98b193b88fa2f610e064458240bf0f4
xiaolongzuo_niubi-job,https://github.com/xiaolongzuo/niubi-job,ed21d5b80f8b16c8b3a0b2fbc688442b878edbe4
spring-projects_spring-ide,https://github.com/spring-projects/spring-ide,eeca62cde638b42eceb5d24220fc09dc2f845a90
mesos_hadoop,https://github.com/mesos/hadoop,62eff2e407ce17bbc1233bd2783befccdc15af1c
nativelibs4java_BridJ,https://github.com/nativelibs4java/BridJ,373c03447df44b5a5508e94fa897369b41b18f48
woorea_openstack-java-sdk,https://github.com/woorea/openstack-java-sdk,c8e40c7484a552ba0343818a1a6d16f2362777c1
bramp_ffmpeg-cli-wrapper,https://github.com/bramp/ffmpeg-cli-wrapper,13fa4c259fced9caa94913a0253d71cf7061004e
amplab_succinct,https://github.com/amplab/succinct,4c388834b0d7a1e3209870d89f4dac87ce9738a0
mirkonasato_graphipedia,https://github.com/mirkonasato/graphipedia,c5d703d2262a7644b47dd9692a32cbde859a81cd
nuxeo_nuxeo,https://github.com/nuxeo/nuxeo,685d28773467535039a0476e228bfb09a6e1bff0
CamelCookbook_camel-cookbook-examples,https://github.com/CamelCookbook/camel-cookbook-examples,2d703af0745ded24dbf65e1e3a0cc321979dbd51
CloudSlang_cloud-slang,https://github.com/CloudSlang/cloud-slang,7045817a51da13706c595c62890f26bf6ffe047d
g00glen00b_ng-spring-boot,https://github.com/g00glen00b/ng-spring-boot,ebaeeecd39fbe866a272e0ea123269e5735375da
fakereplace_fakereplace,https://github.com/fakereplace/fakereplace,615a7af91e9fd870ce29fb19355e194423052579
twitter_nodes,https://github.com/twitter/nodes,fdd829086ebc6ced14c1be2f57dcd23b4bca878b
caskdata_tephra,https://github.com/caskdata/tephra,082c56c15c6ece15002631ff6f89206a00d8915c
rstoyanchev_spring-mvc-chat,https://github.com/rstoyanchev/spring-mvc-chat,7c474fea5638dc70660fb6029ad891ae92e41801
mikereedell_sunrisesunsetlib-java,https://github.com/mikereedell/sunrisesunsetlib-java,c0bfdeb89c1e3fdaee4aeb879507341611cba4e1
elki-project_elki,https://github.com/elki-project/elki,950c9b8e9f2eb06e7abfc6e4518b65e35583d235
fpj_zookeeper-book-example,https://github.com/fpj/zookeeper-book-example,135b79b472fd2c45b82d78a3653532eecd69b6fe
ScienJus_spring-authorization-manager,https://github.com/ScienJus/spring-authorization-manager,3175a9d08c749da21552411c67cde65e46e36024
HolgerHees_cloudsync,https://github.com/HolgerHees/cloudsync,8af7b71b6eb490adff1cf91ffe0bb105a738e1f1
Tesco_mewbase,https://github.com/Tesco/mewbase,bb9942cd92b85cb24b1a5dd1adea1cb5b82373ca
awslabs_dynamodb-cross-region-library,https://github.com/awslabs/dynamodb-cross-region-library,c5b5ee552c2d78a3750bf62d508010d413e88bad
google_MOE,https://github.com/google/MOE,5a8446648d565dbbe64501df3580a6754517d350
Steveice10_MCProtocolLib,https://github.com/Steveice10/MCProtocolLib,c4760bd4d4d9418c0f95cbf094a8b5554d731eab
khoubyari_spring-boot-rest-example,https://github.com/khoubyari/spring-boot-rest-example,5ef3ef5563058e65cfcdd2084bd61ea59ff76e97
TheHolyWaffle_TeamSpeak-3-Java-API,https://github.com/TheHolyWaffle/TeamSpeak-3-Java-API,b33013f71ad1076193c39a68d0357b123f847264
Nodeclipse_nodeclipse-1,https://github.com/Nodeclipse/nodeclipse-1,c2ca5b40447c964b043ebbee722ee6887183254e
LiveRamp_hank,https://github.com/LiveRamp/hank,809ef35ba8bfcd6b77bd350c883b3efd4a63eae7
wildfly-swarm-archive_ARCHIVE-wildfly-swarm,https://github.com/wildfly-swarm-archive/ARCHIVE-wildfly-swarm,28ef71bcfa743a7267666e0ed2919c37b356c09b
treygrainger_solr-in-action,https://github.com/treygrainger/solr-in-action,f951cceb0b33bd632c8a7c2363bef6615165082a
andrewgaul_modernizer-maven-plugin,https://github.com/andrewgaul/modernizer-maven-plugin,41f7a78f1c081bf9c119196bffd77f987f818ec1
serso_android-common,https://github.com/serso/android-common,f8488c3f259cf72453f0b00ad74ba0cf39fc5d38
oldratlee_fucking-java-concurrency,https://github.com/oldratlee/fucking-java-concurrency,d1011f9ca788ff0951d6ea535ed33d6fc96f9556
teamed_qulice,https://github.com/teamed/qulice,e83857078528ead4e963fc1d9311172f0afba042
windy1_google-places-api-java,https://github.com/windy1/google-places-api-java,a5f2a18a7d1ca03fc0480637eae255fe92fc8b86
apache_bookkeeper,https://github.com/apache/bookkeeper,1e4ccaf167936fb4ad0de8c29ecf840bed3e89ed
castagna_jena-examples,https://github.com/castagna/jena-examples,bd632259fb80347c94622b4bd966978579173d73
apache_incubator-brooklyn,https://github.com/apache/incubator-brooklyn,337a5d22d5e9c98cc96ea1085383cbed1ee0b741
apache_archiva,https://github.com/apache/archiva,e162e0a8db5a97a24566b14cad5e9e6aaed70a44
keepkey_multibit-hd,https://github.com/keepkey/multibit-hd,764e44e1c98f977556f38f8ff77da9de9119f5eb
reficio_p2-maven-plugin,https://github.com/reficio/p2-maven-plugin,5ebd6567489a9307816940e9bab75fd4fd321d2f
spring-guides_tut-bookmarks,https://github.com/spring-guides/tut-bookmarks,fbb3cc6592944a4f1ff68685fe9f2676ce29c604
prometheus_jmx_exporter,https://github.com/prometheus/jmx_exporter,d04aedb758bdffe744e6e3305a6f988bd6b90166
forcedotcom_wsc,https://github.com/forcedotcom/wsc,a5c704f5c2ec026bf4bbac3640860914bcdc0a84
ihaolin_alipay,https://github.com/ihaolin/alipay,c732a20763be14f25df335fb371222c3caa29565
graphaware_neo4j-framework,https://github.com/graphaware/neo4j-framework,dacbd205ffbabdfee571d437a64b44733135ed6c
yegor256_xembly,https://github.com/yegor256/xembly,40a2a965f77bba534e53f3814be883821b7da49b
st-js_st-js,https://github.com/st-js/st-js,6912ab1a5b72bd3e55865804d213b52ed2250332
drtshock_Essentials,https://github.com/drtshock/Essentials,747420b4c8d7168cb2919949922491367808cad5
spring-cloud_spring-cloud-aws,https://github.com/spring-cloud/spring-cloud-aws,78fc88cc3b5968435d86e56b0637c384e223558a
jenkinsci_gerrit-trigger-plugin,https://github.com/jenkinsci/gerrit-trigger-plugin,b0b2c86fb3c959cff95a45c92d6e1c600994f22c
apache_maven-surefire,https://github.com/apache/maven-surefire,d468680be5d6f2a936df4a7c2efd2172c9eef773
mauersu_redis-admin,https://github.com/mauersu/redis-admin,94629ce3a7b800ede091b5e53f7808a48f1fb8cc
kumuluz_kumuluzee,https://github.com/kumuluz/kumuluzee,55b9758d1e3ad24b4b3334883a8a3789d5ddc430
cloudera_htrace,https://github.com/cloudera/htrace,c32ec0b16463037949e322e55e33cc43661b7574
codefollower_Tomcat-Research,https://github.com/codefollower/Tomcat-Research,b536b0822c5d1eb658b36bb2c993485c2f13541d
astamuse_asta4d,https://github.com/astamuse/asta4d,fd6e91b1f9c4258083981cd088315ed384a18237
apache_incubator-samoa,https://github.com/apache/incubator-samoa,1c858e1e60efa747f872e664c866a63fb2facacf
abc9070410_JComicDownloader,https://github.com/abc9070410/JComicDownloader,6636cbf8b7333923371b222febd179ef881c76f7
Baeldung_spring-security-registration,https://github.com/Baeldung/spring-security-registration,38d85fd6cf97974f5731c63da56c448ca4c73f10
jhunters_Jprotobuf-rpc-socket,https://github.com/jhunters/Jprotobuf-rpc-socket,48df05a27dd51b94307c61f6d1552be093454c74
BatooOrg_BatooJPA,https://github.com/BatooOrg/BatooJPA,3d3f1c8c800fbbe2fe52cd04301376a29f087eac
mangstadt_ez-vcard,https://github.com/mangstadt/ez-vcard,234f3a9bb9c540dac3de67864e339bfa6e528f19
playn_playn,https://github.com/playn/playn,002b99e90333cdb3f67adcade55d3edd6d1ee30b
eclipse_eclipse.jdt.ls,https://github.com/eclipse/eclipse.jdt.ls,34bd4185e78b9f6078b2a7966fc16e4b61840dec
thelinmichael_spotify-web-api-java,https://github.com/thelinmichael/spotify-web-api-java,4c4b3cb12fc88125e6413573f9541e53fc355e2c
codelibs_fess,https://github.com/codelibs/fess,175323de5cfe4d0780260dc366b0aaf5bccc9d63
SomMeri_less4j,https://github.com/SomMeri/less4j,bca5cb262c018f38ea8c58175df344c7d2345148
hantsy_angularjs-springmvc-sample-boot,https://github.com/hantsy/angularjs-springmvc-sample-boot,bc7ab6c0b486b9a089ebead81e1198f7e6c9e236
raml-org_raml-java-parser,https://github.com/raml-org/raml-java-parser,03e65bc731be35ea741b65f2636298164ab409a0
Moocar_logback-gelf,https://github.com/Moocar/logback-gelf,71dd32c7c417cb5c712b1f3d8b026ad624f2ae8d
reachkrishnaraj_kafka-elasticsearch-standalone-consumer,https://github.com/reachkrishnaraj/kafka-elasticsearch-standalone-consumer,20c8b3ca71b74bb8c636a744b53948318d0e1da7
wildfly-swarm_wildfly-swarm,https://github.com/wildfly-swarm/wildfly-swarm,5f2eb5ad1865b5e43bb1e89c0f86be7da5ae33fd
in28minutes_SpringMvcStepByStep,https://github.com/in28minutes/SpringMvcStepByStep,6172631f51e9353060680df8e095f043177a0532
ActiveJpa_activejpa,https://github.com/ActiveJpa/activejpa,d613c2dca06aa2e278ed3287ee040d89711e6322
yahoo_FEL,https://github.com/yahoo/FEL,b103dff4fec4e06f57db8a7b409c5aa64c4f4773
chocotan_lolibox,https://github.com/chocotan/lolibox,1d0f342d43c87122c729050b7bbcb6b5f8980d0e
olivergierke_rest-microservices,https://github.com/olivergierke/rest-microservices,1b701accff0d0e58abaf374e5bfe71e043f06838
ihaolin_diablo,https://github.com/ihaolin/diablo,d3b75a888c11390960c3620ea15415542cd199db
spinscale_elasticsearch-opennlp-plugin,https://github.com/spinscale/elasticsearch-opennlp-plugin,ac7c22b5741da88cbd4a159694980cfc15ea2014
eclipse_leshan,https://github.com/eclipse/leshan,f6aa2ac32ffa5368b975025a5cc18d95a22364cc
AxonFramework_Axon-trader,https://github.com/AxonFramework/Axon-trader,61b8c806cfe6607b5f22c60dc3b238384311a42e
uber_uReplicator,https://github.com/uber/uReplicator,2ef19b77fa0887280fdb3ad044a2634d108fffce
maxmind_geoip-api-java,https://github.com/maxmind/geoip-api-java,9cbd7dcc23659b6e486939823380c110a26b9b90
jplag_jplag,https://github.com/jplag/jplag,1c8959e0bcfc582b25577e402b1d741bfdff170a
jbarrez_spring-boot-with-activiti-example,https://github.com/jbarrez/spring-boot-with-activiti-example,b441ccda6ef18eb43a3da06fda527ef511e20f64
intuit_karate,https://github.com/intuit/karate,396fad2f231d280ae596f1d6dbe5b34e703019fe
arnaudroger_SimpleFlatMapper,https://github.com/arnaudroger/SimpleFlatMapper,0ea7efda1a2b68a793152a3ec14d178ec8ce1546
vladmihalcea_hibernate-master-class,https://github.com/vladmihalcea/hibernate-master-class,0e2c6db3721975d6f4dba1d376dab01acd76ed2f
zalando_zalenium,https://github.com/zalando/zalenium,6cb1bfc1ad4cf3c273ce27dd8361c8c76a3286dc
mesos_storm,https://github.com/mesos/storm,6a535075e6076516247ca6f60dce3797ef1ddb19
jcabi_jcabi-github,https://github.com/jcabi/jcabi-github,80c20e37b9d8a99415e2d9af90a56de3bec69949
neo4j_neo4j-ogm,https://github.com/neo4j/neo4j-ogm,af3e9113ad634d5a7e623f8eca6d0a6e98955d96
ajermakovics_eclipse-instasearch,https://github.com/ajermakovics/eclipse-instasearch,56774b30bc292f59e39e668a610420520ae4945e
jfree_jfreechart,https://github.com/jfree/jfreechart,5bbd9424426ae3713b4127c393eb7e01cdfb779b
JakubDziworski_Enkel-JVM-language,https://github.com/JakubDziworski/Enkel-JVM-language,fda2f79c28e38861a75c7360dc95888f72abe3b8
jbehave_jbehave-tutorial,https://github.com/jbehave/jbehave-tutorial,a7d42ff12e2723ec9ac520fff8f8f74b4ad4ec61
mvogiatzis_first-stories-twitter,https://github.com/mvogiatzis/first-stories-twitter,efce1dd343ef2cb13f336934106b5ddc62a49b04
duydo_elasticsearch-analysis-vietnamese,https://github.com/duydo/elasticsearch-analysis-vietnamese,5ab50daf2ee6fb1d01ada7af70c665a4174d31fe
XiaoMi_linden,https://github.com/XiaoMi/linden,42cc9b589a0c778bc93c2e6ccd70ceb0ca059c79
sirensolutions_siren-join,https://github.com/sirensolutions/siren-join,47e89e2dba152477a62fb7d23a337e1453917544
mappum_mercury,https://github.com/mappum/mercury,a35bd29e878de300a1656b0e6850897e57500047
horrorho_InflatableDonkey,https://github.com/horrorho/InflatableDonkey,50ac68d3613df095e4d80ae668ecc4b11f252855
viritin_viritin,https://github.com/viritin/viritin,658eaa28eec06255370d81c00d56af027688f6d9
jenkinsci_docker-workflow-plugin,https://github.com/jenkinsci/docker-workflow-plugin,c849a6259f935464fad11e8c7c666bb57b5e9035
alibaba_tamper,https://github.com/alibaba/tamper,1bb2841aa25319cd64af635c51769de33eb2ff30
ysc_HtmlExtractor,https://github.com/ysc/HtmlExtractor,5c04924b36ec636514bf0ef155b86372e3932f33
Stratio_ingestion,https://github.com/Stratio/ingestion,5dbb69cf73d10a91d5a4a0f2ed6e623b6e3ae579
gousiosg_java-callgraph,https://github.com/gousiosg/java-callgraph,86d8f4ceafd13377bfc2049c189ab925159d2ee8
jobop_anylog,https://github.com/jobop/anylog,eea577aa0e883dc2cb05a63d5c8383b4c62c463b
julianhyde_sqlline,https://github.com/julianhyde/sqlline,802dba92a74a0c3cae137f3660ea06920171d186
awslabs_route53-infima,https://github.com/awslabs/route53-infima,325dfbe9b45d6ca3f10b2e84aef198996de6b0db
google_openrtb-doubleclick,https://github.com/google/openrtb-doubleclick,f4303ee623b5fd46db8865724646ee9b7b0e9d98
lastfm_musicbrainz-data,https://github.com/lastfm/musicbrainz-data,0564179530f36d78d05e49b1fa277eb45801f17d
groupon_odo,https://github.com/groupon/odo,eb7465b7aea59bd5a12d3160681c453d177f419c
ttrelle_spring-data-examples,https://github.com/ttrelle/spring-data-examples,3929af25233a1172db40e00f018cd55ec3c91da8
tulskiy_jkeymaster,https://github.com/tulskiy/jkeymaster,85ac2fa90d26d8d0e4ee4e3fa57c9d56c7946371
sdbg_sdbg,https://github.com/sdbg/sdbg,78f4c2147e2e3f5040937638d7b242560df0baa2
OvercastNetwork_ProjectAres,https://github.com/OvercastNetwork/ProjectAres,b883ef579938c49076379fa306592da847fc672f
zalando_bigbash,https://github.com/zalando/bigbash,51290b1912dd5c0ff34e9da1093dcd9028692054
lintool_warcbase,https://github.com/lintool/warcbase,fb36e4cc6466f418e40035afdca11b7c3fb64812
ui4j_ui4j,https://github.com/ui4j/ui4j,b483477ed98fc90c79618562dd9f35c17efc2307
spring-cloud_spring-cloud-zookeeper,https://github.com/spring-cloud/spring-cloud-zookeeper,d3e7c6f88216d2540f8372f3adfbf3df01aa9b0c
fluent_fluent-logger-java,https://github.com/fluent/fluent-logger-java,7661a1e27051451f6c10d08adef3a92546307eb3
healthonnet_hon-lucene-synonyms,https://github.com/healthonnet/hon-lucene-synonyms,c87fb8ced0abc9e19381a4843c964cf8473e8912
vbauer_caesar,https://github.com/vbauer/caesar,f1ff78fb63931d46715cf46e21b148aa63912c25
cloudera_kitten,https://github.com/cloudera/kitten,75948446e1125927fc87ccb3326ae59ee6de928b
fizzed_rocker,https://github.com/fizzed/rocker,9c7cb5108943ac0850345a6046c5014ee55e111c
deeplearning4j_rl4j,https://github.com/deeplearning4j/rl4j,f3f66eb4235c681a86ab4eef7dfb5f409372f37b
aliyun_aliyun-oss-java-sdk,https://github.com/aliyun/aliyun-oss-java-sdk,2f443e7d491d39df2fba85af44553427484166c7
ArcBees_gwtchosen,https://github.com/ArcBees/gwtchosen,e8b64dbb0ff2fed4337435598a99939822568fb7
jcabi_jcabi-ssh,https://github.com/jcabi/jcabi-ssh,9186c37e86f4fa9509f317a9f0b56ef94545ef43
swagger-api_swagger-parser,https://github.com/swagger-api/swagger-parser,8b17f692e08b469fc1536e24a665fcb862bdcbef
twitter_hraven,https://github.com/twitter/hraven,e17ec79dbba0480d3b245f1c7f0fe02ae45820f7
NoCheatPlus_NoCheatPlus,https://github.com/NoCheatPlus/NoCheatPlus,e3d5b70db89da144b6f28a2049be12b15aff500e
couchbaselabs_elasticsearch-transport-couchbase,https://github.com/couchbaselabs/elasticsearch-transport-couchbase,475fe364cdf5d4843c51a151d1bc9309c5eb9870
hdiv_hdiv,https://github.com/hdiv/hdiv,242a9a5b8371964a01351ae4dfd7a6373731af0a
qos-ch_logback-extensions,https://github.com/qos-ch/logback-extensions,1d6b4be63f0f445edb70bb773bbec5d3b7b53493
hazelcast_hazelcast-jet,https://github.com/hazelcast/hazelcast-jet,fd5868bda2218b99e4854c97d6bc27f1cf7b7871
schema-repo_schema-repo,https://github.com/schema-repo/schema-repo,70c8e793cf0e5ca0fb5ccaff43ba0e0593ace84d
Adobe-Marketing-Cloud_aem-project-archetype,https://github.com/Adobe-Marketing-Cloud/aem-project-archetype,d2293a2a489e2e543fe84e40d55f4c5e682c8e5e
angusws_tcx2nikeplus,https://github.com/angusws/tcx2nikeplus,69d203908f52416035142c75678410de19dd2fde
imglib_imglib2,https://github.com/imglib/imglib2,d6e6a181e054f12c9096580753f0e6526917c893
oci-pronghorn_GreenLightning,https://github.com/oci-pronghorn/GreenLightning,b4ce9fadb4f620130ef31d9302fe7ce72ef05440
plantuml_plantuml-server,https://github.com/plantuml/plantuml-server,8735b22339a22858f938d572e4e32d1c119db183
tbroyer_gwt-maven-archetypes,https://github.com/tbroyer/gwt-maven-archetypes,3315af010ec9ae4a7767a3d751787aaeac719266
AnujaK_restfiddle,https://github.com/AnujaK/restfiddle,5851bb30cc87d185dd1f57863b88ba9230ff52b5
bouncestorage_chaos-http-proxy,https://github.com/bouncestorage/chaos-http-proxy,a4af806bc06d9abae32e42f883205444fcddfb4a
dexter_dexter,https://github.com/dexter/dexter,7f04ed5357fae476333553d5299568b26de88d9f
willowtreeapps_OAK,https://github.com/willowtreeapps/OAK,635cd72410af280b4afe2ee790f69b1291cc76be
pentaho_pentaho-reporting,https://github.com/pentaho/pentaho-reporting,0e906ce6b2d8d24a30e512b6002b28ae6b727f5a
aseldawy_spatialhadoop2,https://github.com/aseldawy/spatialhadoop2,6308e6dbd1562d308deafdf4a0d18c635172cc92
googleads_googleads-java-lib,https://github.com/googleads/googleads-java-lib,3d86182a4e3386b5daca379331c8e73d1b86c0cf
vladmihalcea_high-performance-java-persistence,https://github.com/vladmihalcea/high-performance-java-persistence,c0a7cfa4078acb9aca2293491b857976736954a3
siom79_japicmp,https://github.com/siom79/japicmp,17b9bdfa65c2c0ba614dd0260eb2ecf01e36bdef
OpenHFT_Chronicle-Logger,https://github.com/OpenHFT/Chronicle-Logger,70f9a642695d5b8277ba20cc7f7f28abeac08833
SonarSource_sonarlint-eclipse,https://github.com/SonarSource/sonarlint-eclipse,02bf63ed38b8b74e01313679f8d843947895211b
Coding_WebIDE-Backend,https://github.com/Coding/WebIDE-Backend,1dcafb8a72d68655c709e12e87fe26b989e26cba
torquebox_jruby-maven-plugins,https://github.com/torquebox/jruby-maven-plugins,d835086c66e9f57d274047cd0505a278d8d54c36
smallnest_Jax-RS-Performance-Comparison,https://github.com/smallnest/Jax-RS-Performance-Comparison,64bf31d2d31c2ad247a62db355c2ec3f6ccfddc9
GlenKPeterson_Paguro,https://github.com/GlenKPeterson/Paguro,7bad3fc3e5d79bac0e40408b3bc6dc0da91b30b7
ImmobilienScout24_yum-repo-server,https://github.com/ImmobilienScout24/yum-repo-server,5eabd56a22ddf5634e54d6284a204d1c8b323f80
Microsoft_Git-Credential-Manager-for-Mac-and-Linux,https://github.com/Microsoft/Git-Credential-Manager-for-Mac-and-Linux,e03d5aa3f209d2147c87c607f9b4f31390c9c296
seleniumkit_gridrouter,https://github.com/seleniumkit/gridrouter,0a0a33ad345c256c257c12e690f922d3561167a9
benas_jql,https://github.com/benas/jql,b445dad95a98908b956802253baf070c738bfa89
feroult_yawp,https://github.com/feroult/yawp,db38ad3dd302e3f0c17838b0ef268b66e1dd95b2
brianmcmichael_SAGU,https://github.com/brianmcmichael/SAGU,82a115fca519955382492534fb610a4eb803d8bc
winterbe_github-matrix,https://github.com/winterbe/github-matrix,8a7ab7b8bc1ba0cd847076c34d11b7c40010a3b2
amelentev_java-oo,https://github.com/amelentev/java-oo,c5f995b72dc46684ab6b9ac7590da97f78af53a2
chrisvest_stormpot,https://github.com/chrisvest/stormpot,375e8c807ffca5524e6333b5ba602e2ce430300f
kframework_k,https://github.com/kframework/k,7f2704e45070557b469fce9d3b9e8b18e4a5bd9e
danieldk_dictomaton,https://github.com/danieldk/dictomaton,c0a3ae2d407ebd88023ea2d0f02a4882b0492df0
awslabs_aws-java-sample,https://github.com/awslabs/aws-java-sample,1a357d016386c74a2a9ace73c0ac739386aaec78
dboissier_jenkins-control-plugin,https://github.com/dboissier/jenkins-control-plugin,b06ad94f3dcf7d06e1081f4e09518985f224d28c
livingsocial_HiveSwarm,https://github.com/livingsocial/HiveSwarm,8345130e3da37555c0ca36da538bfd4f4ee3c834
graphaware_neo4j-timetree,https://github.com/graphaware/neo4j-timetree,db72d392fb2eaf51aa6a9b364ae0771d93fcbb39
apache_stanbol,https://github.com/apache/stanbol,d1500ffba507dce0e43f228342aad97cae7cb0e3
jidesoft_jide-oss,https://github.com/jidesoft/jide-oss,f25bed4c519336e7d4bbf4b3fc713439db4ee2b9
