Activiti_Activiti,https://github.com/Activiti/Activiti
yasserg_crawler4j,https://github.com/yasserg/crawler4j
vavr-io_vavr,https://github.com/vavr-io/vavr
killbill_killbill,https://github.com/killbill/killbill
apache_incubator-pulsar,https://github.com/apache/incubator-pulsar
pentaho_pentaho-kettle,https://github.com/pentaho/pentaho-kettle
menacher_java-game-server,https://github.com/menacher/java-game-server
citerus_dddsample-core,https://github.com/citerus/dddsample-core
strapdata_elassandra,https://github.com/strapdata/elassandra
alibaba_yugong,https://github.com/alibaba/yugong
amzn_ion-java,https://github.com/amzn/ion-java
Diablo-D3_DiabloMiner,https://github.com/Diablo-D3/DiabloMiner
lukehutch_fast-classpath-scanner,https://github.com/lukehutch/fast-classpath-scanner
ddf_Minim,https://github.com/ddf/Minim
YahooArchive_samoa,https://github.com/YahooArchive/samoa
banq_jdonframework,https://github.com/banq/jdonframework
networknt_light-4j,https://github.com/networknt/light-4j
addthis_hydra,https://github.com/addthis/hydra
Akdeniz_google-play-crawler,https://github.com/Akdeniz/google-play-crawler
Graphify_graphify,https://github.com/Graphify/graphify
apache_metron,https://github.com/apache/metron
yaphone_itchat4j,https://github.com/yaphone/itchat4j
awslabs_dynamodb-janusgraph-storage-backend,https://github.com/awslabs/dynamodb-janusgraph-storage-backend
pentaho_pentaho-platform,https://github.com/pentaho/pentaho-platform
blackberry_WebWorks,https://github.com/blackberry/WebWorks
ThreeTen_threetenbp,https://github.com/ThreeTen/threetenbp
vulnersCom_burp-vulners-scanner,https://github.com/vulnersCom/burp-vulners-scanner
happyfish100_fastdfs-client-java,https://github.com/happyfish100/fastdfs-client-java
jmrozanec_cron-utils,https://github.com/jmrozanec/cron-utils
evernote_evernote-sdk-java,https://github.com/evernote/evernote-sdk-java
doridori_Dynamo,https://github.com/doridori/Dynamo
robinhowlett_chart-parser,https://github.com/robinhowlett/chart-parser
spring-cloud-samples_customers-stores,https://github.com/spring-cloud-samples/customers-stores
zpng_spring-cloud-microservice-examples,https://github.com/zpng/spring-cloud-microservice-examples
aws_aws-toolkit-eclipse,https://github.com/aws/aws-toolkit-eclipse
sczyh30_vertx-blueprint-microservice,https://github.com/sczyh30/vertx-blueprint-microservice
ballerinalang_ballerina,https://github.com/ballerinalang/ballerina
dianrong_UniAuth,https://github.com/dianrong/UniAuth
ziwenxie_leafer,https://github.com/ziwenxie/leafer
jetty-project_i-jetty,https://github.com/jetty-project/i-jetty
linux-china_spring-boot-dubbo,https://github.com/linux-china/spring-boot-dubbo
drrb_java-rust-example,https://github.com/drrb/java-rust-example
pinterest-attic_terrapin,https://github.com/pinterest-attic/terrapin
Borisvl_bigbash,https://github.com/Borisvl/bigbash
nativelibs4java_JNAerator,https://github.com/nativelibs4java/JNAerator
baidu_Jprotobuf-rpc-socket,https://github.com/baidu/Jprotobuf-rpc-socket
NationalSecurityAgency_lemongrenade,https://github.com/NationalSecurityAgency/lemongrenade
sunysen_naivechain,https://github.com/sunysen/naivechain
JThink_SkyEye,https://github.com/JThink/SkyEye
spotify_dockerfile-maven,https://github.com/spotify/dockerfile-maven
vladimir-bukhtoyarov_bucket4j,https://github.com/vladimir-bukhtoyarov/bucket4j
mbechler_marshalsec,https://github.com/mbechler/marshalsec
manolo_gwt-polymer-elements,https://github.com/manolo/gwt-polymer-elements
goldmansachs_reladomo,https://github.com/goldmansachs/reladomo
venusdrogon_feilong-core,https://github.com/venusdrogon/feilong-core
webfolderio_ui4j,https://github.com/webfolderio/ui4j
spring-cloud-incubator_spring-cloud-kubernetes,https://github.com/spring-cloud-incubator/spring-cloud-kubernetes
Cue_greplin-bloom-filter,https://github.com/Cue/greplin-bloom-filter
eclipse_californium,https://github.com/eclipse/californium
spring-cloud_spring-cloud-gateway,https://github.com/spring-cloud/spring-cloud-gateway
spring-cloud_spring-cloud-function,https://github.com/spring-cloud/spring-cloud-function
javaee_glassfish,https://github.com/javaee/glassfish
yegor256_cactoos,https://github.com/yegor256/cactoos
ThreeTen_threeten-extra,https://github.com/ThreeTen/threeten-extra
estatio_estatio,https://github.com/estatio/estatio
rajithd_spring-boot-oauth2,https://github.com/rajithd/spring-boot-oauth2
vonzhou_SpringInAction3,https://github.com/vonzhou/SpringInAction3
SonarSource_sonar-javascript,https://github.com/SonarSource/sonar-javascript
Pablissimo_SonarTsPlugin,https://github.com/Pablissimo/SonarTsPlugin
boundary_fasttuple,https://github.com/boundary/fasttuple
AdamBien_javaee7-essentials-archetype,https://github.com/AdamBien/javaee7-essentials-archetype
wso2_product-apim,https://github.com/wso2/product-apim
paypal_SeLion,https://github.com/paypal/SeLion
ShawnyXiao_SpringBoot-MyBatis,https://github.com/ShawnyXiao/SpringBoot-MyBatis
appium_sign,https://github.com/appium/sign
spring-cloud_spring-cloud-security,https://github.com/spring-cloud/spring-cloud-security
apache_ranger,https://github.com/apache/ranger
tinyMediaManager_tinyMediaManager,https://github.com/tinyMediaManager/tinyMediaManager
iotaledger_iri,https://github.com/iotaledger/iri
phuonglh_vn.vitk,https://github.com/phuonglh/vn.vitk
ServiceComb_java-chassis,https://github.com/ServiceComb/java-chassis
hawkular_hawkular-apm,https://github.com/hawkular/hawkular-apm
bensku_Skript,https://github.com/bensku/Skript
deeplearning4j_DataVec,https://github.com/deeplearning4j/DataVec
cucumber_cucumber-java-skeleton,https://github.com/cucumber/cucumber-java-skeleton
ligboy_retrofit-converter-fastjson,https://github.com/ligboy/retrofit-converter-fastjson
asciidoctor_asciidoctor-maven-plugin,https://github.com/asciidoctor/asciidoctor-maven-plugin
yangfuhai_jboot,https://github.com/yangfuhai/jboot
leonchen83_redis-replicator,https://github.com/leonchen83/redis-replicator
Swagger2Markup_spring-swagger2markup-demo,https://github.com/Swagger2Markup/spring-swagger2markup-demo
vmware_admiral,https://github.com/vmware/admiral
rterp_GMapsFX,https://github.com/rterp/GMapsFX
xmlunit_xmlunit,https://github.com/xmlunit/xmlunit
matsim-org_matsim,https://github.com/matsim-org/matsim
iamxiatian_xsimilarity,https://github.com/iamxiatian/xsimilarity
pinterest-attic_pinlater,https://github.com/pinterest-attic/pinlater
johntostring_spring-boot-shiro,https://github.com/johntostring/spring-boot-shiro
facebook_facebook-java-ads-sdk,https://github.com/facebook/facebook-java-ads-sdk
Wechat-Group_weixin-java-tools-springmvc,https://github.com/Wechat-Group/weixin-java-tools-springmvc
timmolter_Sundial,https://github.com/timmolter/Sundial
kevinsawicki_github-maven-example,https://github.com/kevinsawicki/github-maven-example
walkmod_walkmod-core,https://github.com/walkmod/walkmod-core
cdk_cdk,https://github.com/cdk/cdk
thymeleaf_thymeleafexamples-petclinic,https://github.com/thymeleaf/thymeleafexamples-petclinic
dashbuilder_dashbuilder,https://github.com/dashbuilder/dashbuilder
pmwmedia_tinylog,https://github.com/pmwmedia/tinylog
zhangxd1989_spring-boot-cloud,https://github.com/zhangxd1989/spring-boot-cloud
uber_tchannel-java,https://github.com/uber/tchannel-java
OpenSextant_SolrTextTagger,https://github.com/OpenSextant/SolrTextTagger
pentaho_big-data-plugin,https://github.com/pentaho/big-data-plugin
GruppoFilippetti_vertx-mqtt-broker,https://github.com/GruppoFilippetti/vertx-mqtt-broker
jclagache_spring-data-mybatis,https://github.com/jclagache/spring-data-mybatis
elasticfence_elasticsearch-http-user-auth,https://github.com/elasticfence/elasticsearch-http-user-auth
acesinc_json-data-generator,https://github.com/acesinc/json-data-generator
agoncal_agoncal-application-petstore-ee7,https://github.com/agoncal/agoncal-application-petstore-ee7
veraPDF_veraPDF-library,https://github.com/veraPDF/veraPDF-library
vitalidze_chromecast-java-api-v2,https://github.com/vitalidze/chromecast-java-api-v2
apache_velocity-engine,https://github.com/apache/velocity-engine
opencollab_jlatexmath,https://github.com/opencollab/jlatexmath
USCDataScience_sparkler,https://github.com/USCDataScience/sparkler
Azure_azure-storage-java,https://github.com/Azure/azure-storage-java
lejon_T-SNE-Java,https://github.com/lejon/T-SNE-Java
lucko_LuckPerms,https://github.com/lucko/LuckPerms
jpmml_jpmml-sklearn,https://github.com/jpmml/jpmml-sklearn
jline_jline3,https://github.com/jline/jline3
tatsuhiro-t_argparse4j,https://github.com/tatsuhiro-t/argparse4j
quux00_hive-json-schema,https://github.com/quux00/hive-json-schema
algorithmfoundry_Foundry,https://github.com/algorithmfoundry/Foundry
cbeust_testng-eclipse,https://github.com/cbeust/testng-eclipse
linqs_psl,https://github.com/linqs/psl
trystan_AsciiPanel,https://github.com/trystan/AsciiPanel
OpenNetworkingFoundation_DELTA,https://github.com/OpenNetworkingFoundation/DELTA
romix_java-concurrent-hash-trie-map,https://github.com/romix/java-concurrent-hash-trie-map
AmadeusITGroup_sonar-stash,https://github.com/AmadeusITGroup/sonar-stash
movsim_movsim,https://github.com/movsim/movsim
dubbo_dubbo-http-demo,https://github.com/dubbo/dubbo-http-demo
recommenders_rival,https://github.com/recommenders/rival
JDaren_subtitleConverter,https://github.com/JDaren/subtitleConverter
mp911de_CleanArchitecture,https://github.com/mp911de/CleanArchitecture
Ovea_jetty-session-redis,https://github.com/Ovea/jetty-session-redis
zycgit_hasor,https://github.com/zycgit/hasor
