date,full_name,sha
"March 19, 2019",mohamicorp/stash-jenkins-postreceive-webhook,d0a07ce1918aa9dee6e9c67a2f40cf42c8c97208
"March 19, 2019",MIYAOW/MI-S,7fd51fb1b8cec00a90d62672f3f98f5b11ccb264
"March 19, 2019",aws-samples/aws-dynamodb-examples,c68fafca35fb4d46fe39364d66593f5ac0b67fdc
"March 19, 2019",larsgeorge/hbase-book,2ecb9a13820e7effb12c4ae1cb998eddc1414e46
"March 19, 2019",jhalterman/lyra,ce347a69357fef1b34e92d92a4f9e68792d81255
"March 19, 2019",JeffLi1993/springcloud-learning-example,4c789a94a4fd99adf87276f1622ac7aa21b67988
"March 19, 2019",roncoo/roncoo-mybatis-generator,0aef28a38c08ffad16406271a53b5ae39e2c3261
"March 19, 2019",cambecc/grib2json,cfbe5574ca34fbccb54292a410b709c66d9f2037
"March 19, 2019",JakeWharton/DiskLruCache,3e016356cfc7e5f9644a7a732fe0223e9742e024
"March 19, 2019",domeos/server,d77518106edfbe925807abf940b03631c18fe3e1
"March 19, 2019",CyrilFeng/foolqq,03c29853286f2c50fdba62ed1e0319168f8fb622
"March 19, 2019",hailin0/sensitive-word-filter,c1d2b25a0cd95f02c7240637b03919341d12e210
"March 19, 2019",white-cat/jeeweb-mybatis,8b70a16bcaee85c7f763b485fb6d28df0fa855db
"March 19, 2019",svlada/springboot-security-jwt,0292a78f91082b86c14ddf7280b444875a4e9b49
"March 19, 2019",TFdream/mango,5fe3f620b54d220db07b99700ed9b9deb67a2c85
"March 19, 2019",myabc/markdownj,f8ed00caeb69fc602aa2209812d953c26c2a4263
"March 19, 2019",merapar/graphql-spring-boot-starter,9c6ee97f999a2719937502eb286b7de8b02d3743
"March 19, 2019",stephenc/high-scale-lib,7da06269a9918c0a5d53944c2fb26e14a7dd0942
"March 19, 2019",sentilo/sentilo,36afae85a678f2b05195931341a424d2d3dcb1b3
"March 19, 2019",elasticfence/elasticsearch-http-user-auth,7ef2dd2e455665df68c75c3259bc7dbba0a8dcc2
"March 19, 2019",dearbinge/dubbo-spring-boot-mybatis-redis,21f3f662f7303ff97ff10c66e29e24545cf525a3
"March 19, 2019",lee123lee123/GoPush,c12a5c817e7a20736817be15f8abff1fbc448113
"March 19, 2019",yuzd/coding.net,62e5d428a87587fe96d1b54a7aca22a2a12d4744
"March 19, 2019",benas/jql,164616ddaf820f4937827d42ad06b3ea6c8fd558
"March 19, 2019",fabiomaffioletti/jsondoc,efc7de8c453993bfaa1420c56541ec8cd9027211
"March 19, 2019",SpringForAll/spring-boot-starter-hbase,9779214ffff7b8ea6e5adbf0ce4ff4f7806e8077
"March 19, 2019",rest-driver/rest-driver,d7af96801f152af3d7bb0abf534481914bf98e0d
"March 19, 2019",adyliu/zkclient,959722fd68967bc0f3f28d9b1cd150e5e8282c48
"March 19, 2019",junneyang/xxproject,4ddab72740f2b0fd396e570da46e36b779fb99af
"March 19, 2019",teaey/apns4j,de8f6a3bb344b033ee579c777ecf74a711b5d000
"March 19, 2019",kohlschutter/boilerpipe,2c78035a830282e2435c466f3f14d6d4104d0a94
"March 19, 2019",ef-labs/vertx-jersey,733482a8a5afb1fb257c682b3767655e56f7a0fe
"March 19, 2019",ganskef/LittleProxy-mitm,56c87a9f0c4265b558acb593dd74c523649b19bf
"March 19, 2019",Glamdring/computoser,94b518cc46d672ee062532befd180f2105f0f248
"March 19, 2019",prontera/spring-cloud-rest-tcc,ce2d76857834fc9fc624cbf4caf363110e5eb022
"March 19, 2019",threerings/playn,c266eeb39188dcada4b00992a0d1199759e03d42
"March 19, 2019",depsypher/pngtastic,13fd2a63dd8b2febd7041273889a1bba4f2a6a07
"March 19, 2019",dee1024/jump-jump-game,0145d76eab470dc0e3daebd11a462e43089afe3a
"March 19, 2019",Netflix/Surus,05659af43697f6dae5743fd0a1931c210757e1e7
"March 19, 2019",sebastienblanc/spring-boot-keycloak-tutorial,2e473531d19c1c1894b91c835596e62f7f15f9e1
"March 19, 2019",jtanza/rufus,eea3d0ca60c6d91d08e21261d4c4890196dd3ee5
"March 19, 2019",blockchain/thunder,ac982162dfa56d25fecdb8b651e95f7253234b85
"March 19, 2019",ScienJus/smartqq,053dadf36793dc86a13d00ac42fbe82c5b025683
"March 19, 2019",lrwinx/shop,d705746f8d939f3c4e3c9ee36a6238b45e255889
"March 19, 2019",Lovelcp/spring-boot-mybatis-with-redis,f7ee97c36516acd26b96ef408c458f0d06e0f74d
"March 19, 2019",RNCryptor/JNCryptor,37e7a963772ef770f72d2296ef54b2dfb41c586c
"March 19, 2019",biezhi/elves,0b13f4b812e87c4c9d0e22dfd1b5b1c07c4e65bf
"March 19, 2019",elasticjob/elastic-job-cloud,ce7d31b3688de82d4ceddb02ac73ab4a2acc8587
"March 19, 2019",SpringCloud/spring-cloud-codegen,9903197a8f43b81a8ba52f2dce03c58f26c6daeb
"March 19, 2019",ksfzhaohui/shadowsocks-netty,0d31255b19645be64617d2c01f4975528749b253
"March 19, 2019",bijukunjummen/spring-cloud-ping-pong-sample,a483e6fac96bb8450b9956616277c90d0d40c119
"March 19, 2019",biezhi/java-library-examples,f3961656748b5bb7dbe52f07925b92f1d3dd58ed
"March 19, 2019",apache/oltu,a847c13a29e545524420bde68e186a8a1b913acf
"March 19, 2019",johndeverall/opengraph-java,2d69b89c1a451a8d7968a78ee055783bc142e42c
"March 19, 2019",groupon/DotCi,08d7206443555e6a7cb26e0df481799d2116e583
"March 19, 2019",nordicway/moji,586c0c1ff4b0f7aecf83fd7cd085685320d22952
"March 19, 2019",mrwilson/byte-monkey,b25ab4561e288f38afd7a03a87dd30ef8a26c222
"March 19, 2019",zhangfei19841004/zson,c2e2569e512850b3ab275795f2dc04a05c7de396
"March 19, 2019",864381832/xJavaFxTool,78334f51f1d671ba43cd1829979ac25181a61d5a
"March 19, 2019",WAng91An/ManagementSystem,8e3681e08c3070e86ba96be8338d28276edad0d5
"March 19, 2019",WAng91An/Wmall,13cde876d75570b738c8173cc3810e10feee137c
"March 19, 2019",greenrobot/essentials,31eaaeb410174004196c9ef9c9469e0d02afd94b
"March 19, 2019",shrinkwrap/shrinkwrap,3f8a1a6d344651428c709a63ebb52d35343c5387
"March 19, 2019",morfologik/morfologik-stemming,9d9099cc5ec4155a0eb8dfecdc23d01cbd734f6e
"March 19, 2019",gwtbootstrap/gwt-bootstrap,5e98f5ac5a6f0e78eca0efffefb917750706aaa9
"March 19, 2019",jcabi/jcabi-aspects,297fa37c65aebf5c1e9933a6169c77752d3fbd77
"March 19, 2019",mirkonasato/graphipedia,859cd5d38d8f804098369791e873217ca7e0fbbe
"March 19, 2019",basho/riak-java-client,bed6cd60f360bacf1b873ab92dd74f2526651e71
"March 19, 2019",blakey22/shadowsocks-java,602d6038068e1b4e36f7e6fc29684b274a4397ed
"March 19, 2019",bitronix/btm,3446b4332be85b25ba200ebbb349fef8076f4185
"March 19, 2019",GruppoFilippetti/vertx-mqtt-broker,38f67f1b99d1ef1180249f809497dc7b66c53e80
"March 19, 2019",yandex/burp-molly-scanner,aac55487b9a8a2434801b2259fe17086401a66bd
"March 19, 2019",hantsy/angularjs-springmvc-sample,77d177626a4f874a6eb610e0071fb514747a55de
"March 19, 2019",yu199195/Jinx,81de0806b86c90fc71747cc8ce17116e96bfea0d
"March 19, 2019",MichaelTamm/junit-toolbox,3d06ca3d8ffbfda653026018301c4b7674c75ad4
"March 19, 2019",Ouyangan/hunt-admin,091af3b8e76c8ba4b5a96aa7151f7da433a717bb
"March 19, 2019",bitletorg/bitlet,e101b51f86614b43dc86b1b8076615334f741c16
"March 19, 2019",zhangxd1989/springboot-dubbox,ffcc5101a2df01aef01189b7e40814100b1e9c39
"March 20, 2019",la-team/light-admin,2d8875f3dcfb0ed10fcabd92be50d36032f28bf3
"March 20, 2019",poetix/protonpack,00c55a05a4779926d02d5f4e6c820560a773f9f1
"March 20, 2019",avthart/spring-boot-axon-sample,b79cd81200b4f43bdade566ee1ba0e470a9eacc8
"March 20, 2019",citerus/bookstore-cqrs-example,224aac68e1ef616a2a57f71d5de550960f96fabf
"March 20, 2019",xiaoyao1991/presto-ethereum,1ec6c9f63c5eeff268e9ae4e77a566791a485982
"March 20, 2019",linkedkeeper/tcp-gateway,1089dc79e53756b80bcc8fb3d0f97abf62715682
"March 20, 2019",longfeizheng/blockchain-java,0fd8984fab697f94388d4138558df0dcc760eed5
"March 20, 2019",dianbaer/grain,02f61fe6c9f9354bc4c732d32ad78b57df0c3731
"March 20, 2019",jenkinsci/scm-sync-configuration-plugin,16e5593cd1f866c68ec9a8d4a62db2c8e0bfe23b
"March 20, 2019",withstars/Blog-System,0f77bdc6598afc0c5047eafa8c95e96c9bf3e5dc
"March 20, 2019",crashub/crash,0be41acdebb125e6963d04864cbbfb3a4a6c7707
"March 20, 2019",fanhua1994/DzFilter,b79a056c883433bad20eb91e7de9ea96d8fddb9e
"March 20, 2019",lingfengsan/MillionHero,020a0b3b6fdad00b9a431ce0462091eebf733fee
"March 20, 2019",okleine/nCoAP,15d5a76260ffc195571b0efe5cde3616c234e193
"March 20, 2019",liaokailin/springcloud,4011f08b6aebc6e577eca966eeeebbeb327c4194
"March 20, 2019",eclipse/paho.mqtt-spy,41f477215fa54d6db31499eb3b2dc3dc539503c1
"March 20, 2019",davidkiss/spring-boot-quartz-demo,b09a334a523b707e351b0df12fdd69185d8686af
"March 20, 2019",goldmansachs/gs-collections,fa8bf3e103689efa18bca2ab70203e71cde34b52
"March 20, 2019",megagao/IndoorPos,8ef19c654256e8c742679200dc15b3f2f98c3aa3
"March 20, 2019",TimeAndSpaceIO/SmoothieMap,c798f6cae1d377f6913e8821a1fcf5bf45ee0412
"March 20, 2019",lejon/T-SNE-Java,c73c8a062ec04790a21236e171c8a3f0ae6ddeae
"March 20, 2019",biezhi/learn-java8,d381976a4e33941dba6c430ba20e1f833ebdc2e8
"March 20, 2019",LearningByExample/reactive-ms-example,c40d5855ce2c5e0b6dfb06aa4a421ae9560d6548
"March 20, 2019",rstoyanchev/demo-reactive-spring,1d110c658423a42b5fa0b3989fb75d1e16b8438b
"March 20, 2019",eBay/cors-filter,f782f4cd0a67a3c814a92b0907674fd93aa96dbe
"March 20, 2019",andrew-hoffman/halfnes,fd7d332eee6ee5e8c69d6a738225481decef1657
"March 20, 2019",Fanping/iveely.search,25d4e628024e25ff76743701ae0b90372c6ba94b
"March 20, 2019",walkmod/walkmod-core,fa79b836894fa00ca4b3e2bd26326a44b778f46f
"March 20, 2019",gturri/aXMLRPC,8ca6f95f7eb3a28efaef3569d53adddeb32b6bda
"March 20, 2019",NLPchina/Word2VEC_java,76ff20fc3f93b107a42595bb165bddeedd1e457d
"March 20, 2019",brianway/algorithms-learning,89f273ce1045ffc167c8da578beb16cb4982e4ad
"March 20, 2019",ikkisoft/SerialKiller,4a09d4a38dd6ab07fa264138d62b5cb7fc80fb90
"March 20, 2019",iamxiatian/xsimilarity,812ec85d3341731e615c3cd91af17c1df4840853
"March 20, 2019",julman99/gson-fire,de961bacd4668dcddfb95f967f6eb055a2c00de4
"March 20, 2019",ogrodnek/csv-serde,74bb8e42acf831577f554d43ba143a8b2e2f2c8b
"March 20, 2019",fanchaoo/hahu,b571773cb1c776a98c1be6f8eb64a4b2ce74132a
"March 20, 2019",Codearte/catch-exception,023de855b0c3f1ab634b6711bc916134417a94b2
"March 20, 2019",CaledoniaProject/CVE-2018-1270,ed78140998ff7a0b2d7ece8bfd44d3dc7833a6bc
"March 20, 2019",ngageoint/mrgeo,b4ffe4652de9e11ee97f64246c3f48fb5a81bba6
"March 20, 2019",carrotsearch/smartsprites,221f386e45d7a3a9e86726dc557083285e7e4b4a
"March 20, 2019",jirutka/validator-collection,df45b077edf39ffb53f0f643b42036f234ae6c0a
"March 20, 2019",dicolar/jbootx,659aa727fc8ee544d9c8402d6f300da76a4eb453
"March 20, 2019",Tanaguru/Contrast-Finder,afdf80ad9f0012738bc4b6aceea5073691217c59
"March 20, 2019",gitchennan/elasticsearch-analysis-lc-pinyin,55392c7ebe7892612ead673369dae4da781d06d6
"March 20, 2019",code4craft/xsoup,8c080c1455813dddff21a683b3c40adee656a491
"March 20, 2019",Sunybyjava/seckill,f9f2b680f7091fd3bffde3ab836d371cb3a5faea
"March 20, 2019",zsoltherpai/feather,cb4f93dc0eb23932bda6eb24928832a82908ecf8
"March 20, 2019",megagao/production_ssm,4288d53bd35757b27f2d070057aefb2c07bdd097
"March 20, 2019",hprose/hprose-java,0f8d00f1b2ab7a843c5cca3af3099ead8f63cc76
"March 20, 2019",roncoo/roncoo-jui-springboot,bfa5120e427c3a055d20180917acfce528d3d68c
"March 20, 2019",awslabs/dynamodb-transactions,a3e9f25844cf9097cd9447fbf07e8820cfa12ff4
"March 20, 2019",RobertBColton/DockFX,f369da84946be36b30dcc5db1551c86412e3e5a1
"March 20, 2019",JakeWharton/flip-tables,174f2ca893f858e9bef5f215f4b94526b0393649
"March 20, 2019",elastic/elasticsearch-metrics-reporter-java,4018eaef6fc7721312f7440b2bf5a19699a6cb56
"March 20, 2019",raphaeljolivet/java2typescript,5e3921b674bfb03ba9ac042238a8db0b9b17ca3a
"March 20, 2019",caoxinyu/RedisClient,0f72f3de3c4790066d5d06f5049a3622861118da
"March 20, 2019",davidmoten/rxjava-extras,a91d2ba7d454843250e0b0fce36084f9fb02a551
"March 20, 2019",yskgood/dubbo-hystrix-support,def09b4c6e28e9cc1575d7ef625b201b1eb29e8f
"March 20, 2019",Netflix/curator,7fa8c085f45977be1db980731f4faf580925db08
"March 20, 2019",wikift/wikift,bb19c3a65da3e7f7c15072ef1e7588b4daeb8ab0
"March 20, 2019",branflake2267/GWT-Maps-V3-Api,7f1db9d725def7e336f3738038e1b226351f0924
"March 20, 2019",jenkinsci/android-emulator-plugin,b9dba3d89d7729a835aeebbf3449b57dd0072c67
"March 20, 2019",ActiveJpa/activejpa,7b294fa7bbc603c314ae8b062d20f5712925689b
"March 20, 2019",longfeizheng/sso-merryyou,7900c5f0e885faff9aa727a0146fdd99799aad70
"March 20, 2019",oxo42/stateless4j,3dd512049f7920f492838f1e09fb7c5abfc6bbcf
"March 20, 2019",yuantiku/ytk-learn,6027310e334e69ff54c75799733a699f41565e2e
"March 20, 2019",nomico271/SSM_HRMS,cfbf7f6eed38633a5305173f719bb34bfe548c88
"March 20, 2019",jkrasnay/sqlbuilder,7f9627b6c04bfcc979585e2c952a1ab00ca58b9b
"March 20, 2019",ron190/jsql-injection,eb97df4cbedad969cd6f80da1fb1d5bf2a0dc48d
"March 20, 2019",JakeWharton/byteunits,1a5943573c73490432014bc70571cd0fb4ac1baf
"March 20, 2019",zbum/netty-spring-example,08c64813aa4c44ab8a91de03e773927b1f199e6a
"March 20, 2019",kanjielu/jeeves,919ba84f56efbc4c7aa01b594d3d45dfb6f3504e
"March 20, 2019",uartois/sonar-golang,c57c5baba1b546642bfdf56d6be8d4ef06edcbf8
"March 20, 2019",carrotsearch/hppc,e359e9da358e846fcbffc64a765611df954ba3f6
"March 20, 2019",kawhii/sso,3f163a3c1a8afcd1045642d195551105330faa97
"March 20, 2019",winterstein/Eclipse-Markdown-Editor-Plugin,0c34035f0410292c0df427aba29c83bada1e817e
"March 20, 2019",medallia/Word2VecJava,eb31fbb99ac6bbab82d7f807b3e2240edca50eb7
"March 20, 2019",nativelibs4java/JNAerator,ac73c9e491b7211f2e1278fb4a7c6cedd46f0cf5
"March 20, 2019",fhussonnois/kafkastreams-cep,1f6b0bdc88dccf1bbdc34e0cd44c702614996cb8
"March 20, 2019",abc9070410/JComicDownloader,2a38847a0899ce27294d7e4c93000caa6733ef68
"March 20, 2019",odrotbohm/spring-restbucks,85ce832553a1e15cde6b6035d464f3e3b9601926
"March 20, 2019",RamosLi/dbay-apns-for-java,39ad64fb222b60fcec76952fea4582f055479dc7
"March 20, 2019",smallnest/Jax-RS-Performance-Comparison,6f4dfbbeae2541d0623f5127e44e4853b769a2c4
"March 20, 2019",brianway/webporter,2619dfaafca7a82f70e938f5b6efd6d9f4110554
"March 20, 2019",Pay-Group/best-pay-sdk,3ec85cbb0639843a8c1cc8e0e51e33a6b2fa47db
"March 20, 2019",chwshuang/web,b70de533fa3a3462f72d5c230bcfc5fb179f4e0e
"March 20, 2019",vdmeer/asciitable,b6a73710271c89f9c749603be856ba84a969ed5f
"March 20, 2019",cternes/openkeepass,4a354aecaea38af3c0dce5eb81b533f297e8d94f
"March 20, 2019",jclagache/spring-data-mybatis,de27ef782e004a1f2bd5bf318c3aa917330c6507
"March 20, 2019",origoni/spring-blog,bdf6b3d6aa53a628f423a43c4863591648cabbee
"March 20, 2019",cyfonly/FLogger,46ddbdc4a46bd4ae6c1eec420344e854770542b4
"March 20, 2019",T-baby/ICERest,9ca90f392c2738fe26990be7559631227d76f070
"March 20, 2019",sdaschner/scalable-coffee-shop,e99b15f88b47b1d25255f1be8d4fd56f397e3d26
"March 20, 2019",zc-zh-001/ShadowSocks-Share,e6be66ae90243f75f6593fd3c6fd087665fea9cc
"March 20, 2019",MLnick/elasticsearch-vector-scoring,4b54b54c5e15f74717241827c7b73c5b42cdcbac
"March 20, 2019",dangdangdotcom/config-toolkit,f99984e4dccfa508b89b780e3647e6336b64aee7
"March 20, 2019",trystan/AsciiPanel,ac179b10b434ca2f6a761dbc6ec7e7791f51a1c6
"March 20, 2019",ICIJ/node-tika,3181772cffc817c1e10b5e0206dd6fcd89bd3ba6
"March 20, 2019",facebookarchive/linkbench,ac67d54bf291eb9546d5480ffa4b2c2ef9ff0740
"March 20, 2019",takeseem/diamond,bec273399a6ccb3e3f717aff82250c81e32c4a50
"March 20, 2019",mikaelhg/urlbuilder,be539a4de760e3fab3dcba3b19c8b4ca7931a643
"March 20, 2019",logstash/log4j-jsonevent-layout,6fe6dcdbda0245d3a2b59f3bfe47f222468f87e4
"March 20, 2019",samaxes/minify-maven-plugin,c20ce6beba230f576ed87d902d0afc1398633a4d
"March 20, 2019",phuonglh/vn.vitk,bd5a4ff5f4fe3767762425c8d6c56f2a6dd41808
"March 20, 2019",gkcs/Competitive-Programming,0de94d3d689d7e16b58c8cbc00b6744a5c6ec2fb
"March 20, 2019",snicoll/spring-boot-daemon,eff38ae909d85e762fc5908211e70e15b104355a
"March 20, 2019",paulc4/microservices-demo,83dd672dc91a636e393c10c3c2ca2f30c238899e
"March 20, 2019",songxinjianqwe/Chat,e68fbf3de5811b062345bbd1ef867bbff1681eb5
"March 20, 2019",lennartkoopmann/nzyme,237ad9a58a3fc4077b7da611c2a8b49fbe63d417
"March 20, 2019",mlehman/nlp-intent-toolkit,f22c96ac633ba69479c015fb0e049d246b076b59
"March 20, 2019",zifangsky/WeatherSpider,3132eafe2fc271f01069df7a2c64ec6ab57b7269
"March 20, 2019",alibaba/velocity-spring-boot-project,c3d6ac8215d867fd85e65775d2d9d6ce6c06a2f9
"March 20, 2019",mraible/jhipster4-demo,02f19c01cc911a0a1e1c161460a10c04d4059e76
"March 20, 2019",gitblit/iciql,7c0aec71814f5b1bf4f93a9186b945beec42c70b
"March 20, 2019",pulse00/Symfony-2-Eclipse-Plugin,2f9e516f4f669a8fe6a37027c5e54688ce3c656a
"March 20, 2019",aws-samples/aws-java-sample,159b1d4edec782c28a13e1cf891f87d01fb6ff0f
"March 20, 2019",larsga/Duke,6263f9c6e984c26362a76241c7c7ea3bb4469bac
"March 20, 2019",t0xa/gelfj,08ae130634c1f085813e76442123cb122fda9ff7
"March 20, 2019",ChinaSilence/any-video,21d060fe8298677cfc7e0eb02f61611cb8070554
"March 20, 2019",khoubyari/spring-boot-rest-example,c240070754ac70ee7455293af98eac1c7bf3c6d0
"March 20, 2019",uptop/JavaWebSocket,ba3e57736b535997479e6ecaa38f2473ddc2e2e3
"March 20, 2019",piomin/sample-spring-microservices,6f1699a62c807604fd21728a70fac8d6ad6e6809
"March 20, 2019",habanero-rice/PCDP,7b8ec44a084ed675d0ecb4466297b8f8a6767a2d
"March 20, 2019",githubofrico/RestSpringMVCDemo,557f64ca9b0287a0f5c01dbbcd024ee7e7a8eca1
"March 20, 2019",3pillarlabs/socialauth,b9dd57742a451b9c688b17a140b08be894866c32
"March 20, 2019",spring-petclinic/spring-petclinic-rest,6479aaa4b3b47b646e3f4c7d6f4fa293ebd2791d
"March 20, 2019",CeON/CERMINE,6a253f28fec8ddc5f6eb98d514951c55954f5878
"March 20, 2019",libgdx/box2dlights,08cf93a41464f71d32475aaa2fe280dc6af78ff3
"March 20, 2019",pavelfatin/typometer,2084acfec845fdb3042f0155adffd88f14117c00
"March 20, 2019",oldmanpushcart/greys-anatomy,e80c55264520c4d2139e8ae6fc2866b447b6d077
"March 20, 2019",sockeqwe/fragmentargs,5de39469ad8071d71208f630296ec374be2ba701
"March 20, 2019",absolutegalaber/jwt-oauth2-example,c93ff8cda25f4b30abc2bdda8475d6eaf910c60f
"March 20, 2019",sunysen/naivechain,a77c2ca0aff93b0e5b85e86d84e7eaead7bd813e
"March 20, 2019",wangxinforme/sc,97c3a00aececd59e11d042f038eb025138ee14b0
"March 20, 2019",lexburner/oauth2-demo,650bcc3700f217bd92b4217f1213ea0e4d33bb3d
"March 20, 2019",jmacglashan/burlap,cc3b09de81f33e6bed8154144a3183dee8595e32
"March 20, 2019",zeroturnaround/zt-exec,6c3b93b99bf3c69c9f41d6350bf7707005b6a4cd
"March 20, 2019",vangao1989/cloudE,be4b925ae04fb08d2799d14bd90c5efe9fd7f325
"March 20, 2019",EngineHub/CommandBook,7c3efaa982ba60d27d09b90760c0b3f0f58ddb39
"March 20, 2019",awslabs/dynamodb-janusgraph-storage-backend,e7ba180d2c40d8ea777e320d9a542725a5229fc0
"March 20, 2019",youzan/bugCatcher,b1dc089161ddec3e5679aca23cf6816f2a266968
"March 20, 2019",adamheinrich/native-utils,e6a39489662846a77504634b6fafa4995ede3b1d
"March 20, 2019",davidmoten/rtree,236680b5ce46a14265b5c027356c66d2ee9d9f8b
"March 20, 2019",mongobee/mongobee,4e1ec5e381121fc9e5ad54881c84029114bafa52
"March 20, 2019",dadepo/exploringCQRSwithAxon,3e9872c10610498c4ea540af48504fcbcb76c62d
"March 20, 2019",SpringCloud/spring-cloud-dubbo,c6dbd5fce35fa38273f53cb79f44806acf0d29ea
"March 20, 2019",resthub/resthub-spring-stack,f4a44f450656cd69578e9d74cd6eee96c108c929
"March 20, 2019",smallsnail-wh/wh-server,5a6032c75064d941ef2c9d28e3e11ef33b5a2365
"March 20, 2019",komiya-atsushi/darts-java,e2986a55e648296cc0a6244ae4a2e457cd89fb82
"March 20, 2019",knightliao/CanalX,0d41f0c9901ee38689dcbec1d20430691997ded9
"March 20, 2019",warmuuh/libsass-maven-plugin,ac583a8fb4f0013f878440ada1e72934b218a892
"March 20, 2019",shuaicj/zuul-auth-example,369286a635d2f786e9bc01f9b4621138b7027f51
"March 20, 2019",ppat/storm-rabbitmq,31497247a096469214f3dfaa4cd47360c65ab039
"March 20, 2019",yanghua/banyan,eff18b0d28e13b6e7eecb886ab23d8211079d5ba
"March 20, 2019",xujeff/tianti,ba2b2caeacb366ae5ea96422e6ae3019c0095dce
"March 20, 2019",dandelion/dandelion-datatables,a33711b76c7b1f16cf4da95419d1d6181be86d60
"March 20, 2019",darrachequesne/spring-data-jpa-datatables,0174dec8f52595a8e4b79f32c79922d64b02b732
"March 20, 2019",facebook/jcommon,bc8865a0a380ca79cf2f4bbc63c123f295dafaed
"March 20, 2019",leechenxiang/imooc-springboot-starter,0ce626fe26adb629f569eec11c9472385d06ff72
"March 20, 2019",mesos/storm,12c94dfb99a53f4eba00a132dfdacfac60f4052b
"March 20, 2019",coderzc/biubiu,befac06a2348f906974179ba041ff50073443131
"March 20, 2019",SpringCloud/spring-cloud-gray,0a6dde809ced4e051cb46981b52218f421f6f5e4
"March 21, 2019",oskopek/javaanpr,b0331dd710c898b11c94f5785ea6b5ffca9e2d4f
"March 21, 2019",square/protoparser,8be66bb8fe6658b04741df0358daabca501f2524
"March 21, 2019",yegor256/xembly,970ef26a197b568f942a3a2592488b72bdba8140
"March 21, 2019",arocketman/Spring-oauth2-jpa-example,054f256cea21f66c9ca44cfb34f6e96aa1183198
"March 21, 2019",yahoo/egads,eb6c6e41afd84cc89b8ce964e88c41af469b74ba
"March 21, 2019",HolgerHees/cloudsync,ac8badf35c4fd1e69fb9f737aa3449ee29f97dd8
"March 21, 2019",sing1ee/dict_build,d11f1e7e25466d68ba25d6a920d0b07ac8d19035
"March 21, 2019",jeremyh/jBCrypt,e015c2c110ab7cf544400893f3543b45f359ff58
"March 21, 2019",ameizi/oltu-oauth2-example,111794b9bdfcd681135256600931217760fa1554
"March 21, 2019",cybergarage/cybergarage-upnp,2ac36bb7ca7f134f5b5f612dfc7ba90c50a1abd2
"March 21, 2019",wzhe06/ipdatabase,443fe31216b9fa4611eb345cdacaa0cb82e22f78
"March 21, 2019",xuminwlt/j360-dubbo-app-all,fc32b0b074177a30d558ae8f0714ae4c05a7e47f
"March 21, 2019",spotify/completable-futures,06af851211d335de98fa501f0eb26086b6520888
"March 21, 2019",johntostring/spring-boot-shiro,f13f1065d8eac9def1b29906b7a4694ddf65d4b2
"March 21, 2019",optimaize/language-detector,1a322c462f977b29eca8d3142b816b7111d3fa19
"March 21, 2019",snazy/ohc,af47142711993a3eaaf3b496332c27e2b43454e4
"March 21, 2019",ysc/QuestionAnsweringSystem,83f43625f1e0c2f4b72ebca7b0d8282fdf77c997
"March 21, 2019",gsh199449/spider,a94528f8d16984433ae780bb50b31b5a31bc3248
"March 21, 2019",imalexyang/ExamStack,fea7fc069118bcc9ead67d8f37feda9ab1d72388
"March 21, 2019",jvelo/mayocat-shop,45e0eec8b71036ac2c96394b73435e72261ea25d
"March 21, 2019",broadgsa/gatk,41147a655594c2aae6e2cad8462bd1648570b32b
"March 21, 2019",dyc87112/swagger-butler,5c94c295644eca25939be2704ef60c8b80f87676
"March 21, 2019",cosmin/IClojure,c6f5a537b203380c7b760c31df655a1c3be00d2b
"March 21, 2019",java-webbee/web-bee,e55be2e7d51894d60cd38042fcd58b0a16e79992
"March 21, 2019",SeanDragon/protools,eb1c1840cd5e601aa967fd57b6fd4d193678f55d
"March 21, 2019",ZhangJiupeng/AgentX,f37f3e4ad1ce827e266af213f97549867b9ca1ca
"March 21, 2019",philipsorst/angular-rest-springsecurity,64569e066ceed122976c5aaa1734f10d5bd8c05b
"March 21, 2019",ysc/HtmlExtractor,5378bc5f94138562c55506cf81de1ffe72ab701e
"March 21, 2019",octo-technology/sonar-objective-c,c1c73fc65bea98f7059a55e9339101e573192450
"March 21, 2019",code4craft/blackhole,11bd95718cf107877ad3ee6b070dc390c3b98d4b
"March 21, 2019",LiveRamp/hank,6f0249fb20a5029c92984b250d9e949819dc7ee6
"March 21, 2019",simplenlg/simplenlg,b2d7613e3eb52953e8f215414b4133939f21afcd
"March 21, 2019",shmilyah/spring-cloud-components,564ee400ff90b67e95b506ea19cbeae07931076b
"March 21, 2019",Syncleus/Ferma,c9bec6c5f0a72717cd83c67529c391b914b36885
"March 21, 2019",timols/jenkins-gitlab-merge-request-builder-plugin,f128278de78fec6fb143118ebbf88fcddc0a9543
"March 21, 2019",apache/incubator-dubbo-rpc-jsonrpc,d14a38716fa33991d42b910866d83f0f753861e8
"March 21, 2019",leanstacks/spring-boot-fundamentals,b98476c9ec9a10ac87757e0b76e1679a1f7f10bb
"March 21, 2019",paulc4/mvc-exceptions,7145022c61599d8d8f24dbde752460e2ad3c8486
"March 21, 2019",AxonFramework/AxonBank,6f4f00b37b08bd608b8de319dd5e43662d203267
"March 21, 2019",intel-hadoop/HiBench,aae754bf4982f01d838debff8b70fdf9ae073921
"March 21, 2019",ysc/superword,fad61fad5ea688ff5bf8838ee2a9b5ba2ae81349
"March 21, 2019",vitalidze/traccar-web,e6ae124e6afbe5a2ad2fefcfb215fbc376a54a6c
"March 21, 2019",tonydeng/fmj,7e1ca4aa999b52c37ea36f9f5815747d65c774be
"March 21, 2019",apache/struts-examples,59674d7d79a806c12c23380895da007c292fc42f
"March 21, 2019",dee1024/sloth,f455da5a0a3470bc9bacb51be8b7a38ec5f3cfdc
"March 21, 2019",maciejzaleski/JMeter-WebSocketSampler,fb3e353709aaa9733dc481f2e227aeb4a777d29d
"March 21, 2019",ppdai-incubator/raptor,e07591df78196d08e7bf548096d8a3ab5aaa9162
"March 21, 2019",hrldcpr/pcollections,fe7d231ba91ee47f306735689291f1e9b9ed9fcd
"March 21, 2019",atteo/evo-inflector,cf1e0c32e1710b217c22c0576906e3931c304e28
"March 21, 2019",liquibase/liquibase-hibernate,aaf754e76ef526a55881ac3e6b8b26be1bd70641
"March 21, 2019",apache/predictionio-sdk-java,16052c96b136340c175c3f9c2692e720850df219
"March 21, 2019",wvengen/proguard-maven-plugin,ad927fd3e448fe1d8d36adb232d0bf3d73def79c
"March 21, 2019",limeng32/mybatis.flying,ba06aa6208b29efb08faa45d7cb03351436ea23d
"March 21, 2019",nmorel/gwt-jackson,3fdc4350a27a9b64fc437d5fe516bf9191b74824
"March 21, 2019",adyliu/jafka,cc14d2ed60c039b12d7b106bb5269ef21d0add7e
"March 21, 2019",uber/AthenaX,fcafb92d41a6808696abaecad376af6504f45791
"March 21, 2019",devicehive/devicehive-java-server,ed70be82db9d050544cd3ca21d66905efca9ac88
"March 21, 2019",nikfoundas/etcd-viewer,4fa9ab2f6c665b879ade3a2556c5e8f2a3978331
"March 21, 2019",JaceyRx/Examination_System,2d4c7170ccfad48d600cff9bb134b15a6be604b8
"March 21, 2019",appium/sign,2dc4018df4e0e53524ca30ffe7270d5f27a067d5
"March 21, 2019",dataArtisans/da-streamingledger,522ca03dc385bb1324b4d62747f1c3dabbb5f347
"March 21, 2019",kohsuke/akuma,9d832605eef753e895c8125e7d32bd4917e4d19a
"March 21, 2019",h2oai/h2o-2,be350f3f2c2fb6f135cc07c41f83fd0e4f521ac1
"March 21, 2019",hemin1003/java-spider,987c49c69a699ec87f522e81663d2b0a85a3170b
"March 21, 2019",beykery/jkcp,ea16db772d641912b59d59086a76f5b08db1d980
"March 21, 2019",cardillo/joinery,026a7f991d43a84ce2dc406cfa505e36d66fe93f
"March 21, 2019",biezhi/write-readable-code,1883256af4b04e24a5066fa3160c765ecec0c48c
"March 21, 2019",mploed/event-driven-spring-boot,c0f045ff2eacd67b35f5e50a8769e4dbb4777722
"March 21, 2019",jetty-project/embedded-jetty-jsp,9228c10aa82ee5b9eb5c3f51a3e37d7e3efdc025
"March 21, 2019",timolson/cointrader,07b1922d31b05c106d4d34f32d03a1fcdf108a22
"March 21, 2019",dnmilne/wikipediaminer,049b1d4a9568144e9e6704b9090d0579b21b3e2e
"March 21, 2019",mikiobraun/jblas,6886f22a9c2a08e6547023fa0b0af604cae88913
"March 21, 2019",rhuss/jolokia,cdc20f85348556a4a394af772a75c4544fec84ed
"March 21, 2019",rcongiu/Hive-JSON-Serde,c9c860bcc9d9902db64cfb15dd0eb4cbb929596b
"March 21, 2019",gaussic/SpringMVCDemo,8655a8ede906b282037d0332ee15a47a50df5f60
"March 21, 2019",onlyliuxin/litespring,ef156cb22bd3a163d23ec22ffa9dce05524b6aed
"March 21, 2019",ptnplanet/Java-Naive-Bayes-Classifier,3f8d874c98baacbd3f4accae71e7179ab426dfe2
"March 21, 2019",mttkay/signpost,550c876167fe69671155138e3140fd1ee6419f16
"March 21, 2019",Stratio/cassandra-lucene-index,a94a4d9af6c25d40e1108729974c35c27c54441c
"March 21, 2019",code-disaster/steamworks4j,a8ac20c5b2c0b5ac0a6f593c56e27425d13292f8
"March 21, 2019",dcaoyuan/nbscala,efff234b98c7c36504a4b5064fd750317def0ef9
"March 21, 2019",rubenlagus/TelegramBotsExample,1b558e6f87645d7ab0d66fa966bae5dbd8b2998a
"March 21, 2019",traneio/future,8368a841d623c0896db6297767208a6c42b58f27
"March 21, 2019",dragon66/icafe,b09fda79c7bb14799fe9cc2652a75ecd12d8347b
"March 21, 2019",rstoyanchev/spring-websocket-test,96205df48215605591ab0f610ca469d26b5bc12e
"March 21, 2019",feuyeux/jax-rs2-guide-II,43de924b6779136ce97c81c1eee3ff89ac95f3f3
"March 21, 2019",andriusvelykis/reflow-maven-skin,01170ae1426a1adfe7cc9c199e77aaa2ecb37ef2
"March 21, 2019",code4craft/hello-design-pattern,cdc1f259f727c12c0fc489a62769529e611af413
"March 21, 2019",gardncl/elements-of-programming-interviews,3684e4ff4b50991b07935ec70d935434d81b12a4
"March 21, 2019",javaterminal/TerminalFX,464592f1e8552eeca95e9d39556eadea09ed9add
"March 21, 2019",neoremind/fluent-validator,b516970591aa9468b44ba63938b98ec341fd6ead
"March 21, 2019",cagataygurturk/lambadaframework,3da6b1f1f6865d36a4d75e21969b6398f3b1042f
"March 21, 2019",in28minutes/MockitoTutorialForBeginners,c0b3f33c5e77efe015019369ec9a37d70708fe3b
"March 21, 2019",ata4/disunity,6c1c3215419faaca427fa8d1e960f13cde76e766
"March 21, 2019",paukiatwee/budgetapp,3d98921511a34985ac2a5af02c24a3871aa6eb42
"March 21, 2019",michaellavelle/spring-data-dynamodb,f35faa258758e277977193fad3e21bcec85d293a
"March 21, 2019",maxmind/geoip-api-java,baae36617ba6c5004370642716bc6e526774ba87
"March 21, 2019",TyCoding/ssm,9d7123b130fe0eb5f1608549eb4302c5477ee291
"March 21, 2019",vvsuperman/coolmq,5c766cb55cf9c160e733208cef20a9e957028887
"March 21, 2019",ObjectLayout/ObjectLayout,22d212c91d2e348fcfe7d7bfa4feba61cc5ec6ff
"March 21, 2019",littlersmall/rabbitmq-access,9b9cd7d36f519ded50a0f67e6b5823a762eee224
"March 21, 2019",yogh-io/bitcoin-transaction-explorer,95f8f033babe886d23c83ddff8ec32c033dbe5eb
"March 21, 2019",cescoffier/vertx-microservices-workshop,18400b9ebae8055ea1a2c91b745ce577189fa4e7
"March 21, 2019",a466350665/smart,691a4af4d1d32e0d495362e8f2a07ae81f9e5205
"March 21, 2019",bfwg/springboot-jwt-starter,b41abd31ec1ca08d155306607247d7ecbe66cb26
"March 21, 2019",neo4j-examples/movies-java-spring-data-neo4j,336eac93c3d0025895f2ddd046073df8e3399736
"March 21, 2019",horrorho/InflatableDonkey,38abeab5ae3b6ff80338aec5edd1f1b7683b7c34
"March 21, 2019",jbehave/jbehave-tutorial,fcc26d2148c83964c0d1bf2c7228590ad03e8c56
"March 21, 2019",xuyaohui/cloud-ida-cli,ae2b2264348f0db4282db018d6d1744ba5e3a00c
"March 21, 2019",seaswalker/JDK,99b0f66c55944db454bc42369f7d243356a932a9
"March 21, 2019",jsevellec/cassandra-unit,546ef0da4510835b77cb18770209fb0f4568dc14
"March 21, 2019",esrrhs/majiang_algorithm,fecbb9583b5fb382a2de78825fe4a0c2ae841929
"March 21, 2019",craigwblake/redline,b2fee5eb6c8150e801a132a4478a643f9ec0df04
"March 21, 2019",twitter/nodes,9e9282f4de67f109f810957b3835df36a2a55a97
"March 21, 2019",patric-r/jvmtop,5693965183b56f25341ffc3a36d4963b9294069b
"March 21, 2019",USCDataScience/sparkler,cf0a85c2709384e99ccf6e466aab67df85113e7f
"March 21, 2019",TopCoderMyDream/LuliChat,572ef649c01f9b1fbbaf87f9716c996a15e09336
"March 21, 2019",codecentric/spring-boot-starter-batch-web,faf5f59f179f82621dd6709cbde6240214f51864
"March 21, 2019",CognitiveBuild/Chatbot,ebc4b488a86d8c54cd9e7240c341506571eb1403
"March 21, 2019",alibaba/TProfiler,8344d1ae2d4a83f6c7ead16fec392b5fce95bba5
"March 21, 2019",rschreijer/lutung,98268f9ff862efd4e5dd3b8ea5da6e85591e5293
"March 21, 2019",zhangyingwei/cockroach,9c8bb0caed43a23a8f87ae13749a404ce5f64bb7
"March 21, 2019",scijava/scijava-jupyter-kernel,204d6f8227f3ed4c1ca8ff31d671e0d35774a8fe
"March 21, 2019",andygibson/datafactory,f748beb93844dea2ad6174715be3b70df0448a9c
"March 21, 2019",ethendev/wopihost,d9c3f9cf1a856ec4847cdbd1c1c9c46e5b7961e3
"March 21, 2019",dibbhatt/kafka-spark-consumer,f6d33e75a4665d6c17d965033dd342ef21e5e459
"March 21, 2019",mirador/mirador,06f14a0b15f21a87468134b6c1dba949536450e4
"March 21, 2019",davidmoten/rxjava-jdbc,81e157d7071a825086bde81107b8694684cdff14
"March 21, 2019",gwt-test-utils/gwt-test-utils,b363fe3d9225185225e9ec86bef9f98555134a53
"March 21, 2019",rstoyanchev/spring-websocket-portfolio,922e70377d6a5007dea84c0a14b59dfcf270173f
"March 21, 2019",tumblr/jumblr,373629fd545defb016e227ea758f092507fbd624
"March 21, 2019",CrawlScript/WebCollector,4ca71ec0e69d354feaf64319d76e64663159902d
"March 21, 2019",torodb/stampede,bd8fb8bb3d45e8e20ebe255e82a2267fa9c87561
"March 21, 2019",baichengzhou/SpringMVC-Mybatis-Shiro-redis-0.2,e1003b0a2c0703f5ac2c1288d29974df2fe05ad4
"March 21, 2019",citiususc/hipster,9ab1236abb833a27641ae73ba9ca890d5c17598e
"March 21, 2019",skyscreamer/JSONassert,830efcf546d07f955d8a213cc5c8a1db34d78f04
"March 21, 2019",usb4java/usb4java,fa52d0d5483a9d9cbcd23a8be69b785e358b6024
"March 21, 2019",vancefantasy/flyer-maker,5242400cb05a71b87f4bac8b6ace18ef98eb41c3
"March 21, 2019",in28minutes/SpringMvcStepByStep,a8da6ee44af23c4f9948b96928dfd467b7752319
"March 21, 2019",andresoviedo/google-drive-ftp-adapter,e435b25023a31438c0641f207a71b0bb742c7141
"March 21, 2019",RobotiumTech/robotium,75e567c38f26a6a87dc8bef90b3886a20e28d291
"March 21, 2019",ysrc/Liudao,25e41f90dd8f985eb26055068af4b426575cd770
"March 21, 2019",radsz/jacop,abe1e146e4661c8a6975c4607a84d21039b0fc82
"March 21, 2019",greengerong/prerender-java,f7fc7a5e9adea8cf556c653a87bbac2cfcac3d06
"March 21, 2019",thymeleaf/thymeleafexamples-gtvg,049e51d8acfe86f6da6cd4e2191ddca8404a3e8d
"March 21, 2019",thymeleaf/thymeleafexamples-layouts,7cf603618366f0b64582c8e2df3c06451b1b4fbe
"March 21, 2019",thymeleaf/thymeleafexamples-stsm,7d765bacb642820633283d7f36c2c365bcc235ef
"March 21, 2019",binarywang/java-testdata-generator,677e02070671584849efd50151776b3fa6f51143
"March 21, 2019",kohsuke/file-leak-detector,540cd9caa1f9728b7c099b6150f302e1e741d868
"March 21, 2019",Sayi/swagger-dubbo,371d62b0e43261ba8d365383ed9e1c5fc727990d
"March 21, 2019",hantsy/angularjs-springmvc-sample-boot,4853575114d9cf10f59f9e9be8253e58de3beaf7
"March 21, 2019",ddd-by-examples/all-things-cqrs,44186822cd4caec287c3d3f81b353b3911e328e9
"March 21, 2019",drtshock/Potato,9c3b63255dda28413e64776407c7574591d062d1
"March 21, 2019",jcaddel/maven-s3-wagon,be07846e086f2ba7e4c28f1522e4af6c87151c64
"March 21, 2019",documents4j/documents4j,eebb3ede43ffeb5fbfc85b3134f67a9c379a5594
"March 21, 2019",classtag/mini-rpc,c1f98060944e23a3f123321979ee4aedfacd99b0
"March 21, 2019",binarywang/java-emoji-converter,95b78d8493b88f8a8647f91940750d690f0caadf
"March 21, 2019",apilayer/restcountries,67c04c306fd95ab6dfd80cbeba3a9df46d43e9b3
"March 21, 2019",streamsupport/streamsupport,87a2e6df85e1390036f70b16f53eeb3ac06e2186
"March 21, 2019",dspinellis/UMLGraph,0967a912890403d196177746f1dabbe7bdc14c17
"March 21, 2019",wihoho/FaceRecognition,df9471c04d6ee1aa990fb97dd7352be8ab59e6d4
"March 21, 2019",jenkinsci/docker-slaves-plugin,87a65b8da1d89ea6b242fc4b391b8e526dc36147
"March 21, 2019",creactiviti/piper,82bbb16b88a55fb37a9200e5fe46f54b2f872fff
"March 21, 2019",ffay/lanproxy,945d2f821cfdb048f21a9fac4ba16f7f4baa2d23
"March 21, 2019",jbox2d/jbox2d,5eaaee8e196aa89843cead3a6b821fda189bbe8f
"March 21, 2019",angelozerr/angularjs-eclipse,3becdcef04c5182f1ff7d7e7a0e96a2c9d0b0424
"March 21, 2019",angelozerr/tern.java,b8f24c24c02742f9beac5f580b5da6ddebfef176
"March 21, 2019",balamaci/rxjava-walkthrough,9b20f60849b02702ad5a9652473e3c533eebbb28
"March 21, 2019",iNPUTmice/ComplianceTester,9ca0eee27363d2d4b3d425953fd162228ec0335b
"March 21, 2019",code4craft/webmagic,be892b80bf6682cd063d30ac25a79be0c079a901
"March 21, 2019",MachinePublishers/jBrowserDriver,5657fc15c8dba5ce9b76d2aa54175d3df723b73e
"March 21, 2019",Matthias247/jawampa,dc71e76a377eb5b851be87ef2565fa143cc2af21
"March 21, 2019",kcthota/emoji4j,b8cc0c60b8d804cfd7f3369689576b9a93ea1e6f
"March 21, 2019",Mandelo/ssm_shiro_blog,61ef97cb5c4c887593c63c4f6d80f12ba8a35f4d
"March 21, 2019",aerogear/aerogear-otp-java,c7ac41324afa58515a5f749d87ea135e8e0ac16f
"March 21, 2019",my2iu/Jinq,c5d1cbf8fb84c772473a40ec2dad05fc1f01db32
"March 21, 2019",wenweihu86/raft-java,8722482f3167128c81b73f6abd643ef27e38b8d0
"March 21, 2019",WebGoat/WebGoat-Legacy,1e7e110069286fdc5ea1b6a0fd04891b7b6813f5
"March 21, 2019",scalecube/socketio,bad28fe7a132320750173e7cb71ad6d3688fb626
"March 21, 2019",Slikey/EffectLib,d0537d15194b94fd295dd61422a51dd865828ef4
"March 21, 2019",kilim/kilim,d70791d8d1cf9abc1388f2a44ca8e50ce72939e4
"March 21, 2019",ethjava/web3j-sample,7f04fdd00a8256fff20fd1d5ee892a612c123f11
"March 21, 2019",pircbotx/pircbotx,9c62d2744673476d8f1f8ab1376c8d4259ea2f11
"March 21, 2019",ozimov/spring-boot-email-tools,8353834e97cf9c7b5bf34a52eb3f3787d1b6df4f
"March 21, 2019",callicoder/spring-boot-file-upload-download-rest-api-example,df141ec336334af3d0c26b88960fcb57dd984af4
"March 21, 2019",dewarim/reddit-data-tools,51ad93505673ed17a6a2358ba81b545099693560
"March 21, 2019",brettwooldridge/SparseBitSet,cc7b16f6328df8ce5c8ef74c92e8c72b193de2fa
"March 21, 2019",pagehelper/Mybatis-PageHelper,319750fd47cf75328ff321f38125fa15e954e60f
"March 21, 2019",ctripcorp/vi,63fabb3a18e09c73abb4d610a089394326a88729
"March 21, 2019",kevinsawicki/http-request,2d62a3e9da726942a93cf16b6e91c0187e6c0136
"March 21, 2019",robinst/autolink-java,9b01c2620d450cd51942f4d092e4e7153980c6d8
"March 21, 2019",vbauer/caesar,bc5f07c0d3fd5e40167ab72b36206b218555f734
"March 21, 2019",NGDATA/hbase-indexer,223d8da6d9aa8d61a1c45f26e8d5014b012e2d06
"March 21, 2019",pusuo/patchca,292dd1fffa9f7fd59b6607982d759042597dcef9
"March 21, 2019",hemin1003/spring-boot-study,2c24d4ad90e2db641aa660b220660338f348fbba
"March 21, 2019",k-tamura/easybuggy,2167e52f9467dc7acb832a2c32402902dd7d2ac1
"March 21, 2019",databricks/learning-spark,6b34161e2c1351500784a0d500c664c90846cacf
"March 21, 2019",bazaarvoice/jolt,4cf866a9f4222142da41b50dbcccce022a956bff
"March 21, 2019",vbauer/jackdaw,2154a9d21a972356f24e3ad443169e48de01413c
"March 21, 2019",pac4j/spark-pac4j,608000bcd552f0d0c0abad428cd31631f019b2be
"March 21, 2019",cloudera/kitten,75948446e1125927fc87ccb3326ae59ee6de928b
"March 21, 2019",apssouza22/java-microservice,ba8304c3ba36f0c7308c140df035aa78ae1bc806
"March 21, 2019",digital-preservation/droid,de3ada58cb2814eb4c086daf9f5dba6127cc406d
"March 21, 2019",mbosecke/template-benchmark,8b00e1fa38e097eeb108e205feb3a4f8a78bf6c2
"March 21, 2019",proxyee-down-org/proxyee-down,76aab8075183cef60cffd09ab49321ec8923f6e9
"March 21, 2019",OpenHFT/Java-Lang,afea226a56f266e8e25e9d8396d82a158c571374
"March 21, 2019",jbellis/jamm,b397a48705ff579028df258e08e28b9c97d8472b
"March 21, 2019",twitter/GraphJet,595712b64840f95234e9a142570b0ea275f97952
"March 21, 2019",NoCheatPlus/NoCheatPlus,f7b2c017fd66838ed2542fba483d7268ff01c2cf
"March 21, 2019",spotify/async-google-pubsub-client,7d021528fa5bc29be458e6f210fa62f59b71d004
"March 21, 2019",JDaren/subtitleConverter,0c620b5f111468c1327e2b0aa93eb9e6b0626a3b
"March 21, 2019",swri-robotics/bag-database,1879bdc71999323c201076a906c47c8d05654ce0
"March 21, 2019",RuedigerMoeller/fast-serialization,59f8f800b79479d0b9c80901cf55903d9b027f26
"March 21, 2019",banshee/AndroidProguardScala,854e5f89e546c4e211ad02676ad601d1e00c0789
"March 21, 2019",pagehelper/pagehelper-spring-boot,ca3c7a3b6f5998341d979fb5d8fa52bbe2ead705
"March 21, 2019",kennyk65/Microservices-With-Spring-Student-Files,519012d55a8a6bd3bccb038f548f1853e9d38f20
"March 21, 2019",zelandiya/maui,5a9cca32d720df95864b750f03b1fed7d72ce594
"March 21, 2019",CleverTap/apns-http2,c23280b3eabf5809a5738d20b01433b7867c98ae
"March 21, 2019",simplesteph/kafka-streams-course,522286c7e17a6a11336796ad6a3deff019f7e7ae
"March 21, 2019",1144388620lq/skill,606c0683dfaec9d8e2d4f30144fd7f99db6f2970
"March 21, 2019",Revivius/nb-darcula,d00114bf060ae9ed3f438edb5b19ce7017cc94fe
"March 21, 2019",bouncestorage/chaos-http-proxy,49ac6a08dabbb4a682aa6d03a392ac86a7a95204
"March 21, 2019",jfaster/mango,4f078846f1daa2cb92424edcde5964267e390e8f
"March 21, 2019",lkuza2/java-speech-api,d981e1614d1f803f1fbc63f9a76330564bcb9d36
"March 21, 2019",dschanoeh/Kayak,6685a64ccd3b18d74cdda9a201b6b8258b380859
"March 21, 2019",flaxsearch/luwak,c27ec08c803db6ca6be1b6e8017f45667e603161
"March 21, 2019",zavtech/morpheus-core,09895c1a16293b69bbc79cd952fcec3d5d89e372
"March 21, 2019",mpusher/mpush,f8d5c97f30b2bde12f1b60d11709ae1b75587a2e
"March 21, 2019",kenglxn/QRGen,1d84899c5cee01fb2b329512be7d96cb22a4714d
"March 21, 2019",jopt-simple/jopt-simple,31ed6b5b2c903b5fdcadf5566bb1a652ca98fb9e
"March 21, 2019",os72/protobuf-dynamic,f8a131cd27193a323b8781db808b94ae0398375a
"March 21, 2019",SargerasWang/ExcelUtil,adb01581ac4dea0ff44caa6f15294e2280f4dbe7
"March 21, 2019",jenkinsci/mesos-plugin,cd8a3f9d0ca37813838c81bf9a0964c1835a174f
"March 21, 2019",reficio/p2-maven-plugin,89a7a02f687ce99054f28237bd2709771eddc7e5
"March 21, 2019",shinyke/Time-NLP,e8dabd5dfe12584ba305a82f0e57871eb7d0b34e
"March 21, 2019",brix-cms/brix-cms,f07a3e5cbf0aa409043f57fd91dba473a6561ceb
"March 21, 2019",PeteGoo/tcSlackBuildNotifier,2840c61f7e3bfe136049343ea5426df491bea6b3
"March 21, 2019",Cloudslab/cloudsim,2d8f1c6100f7d2a7a696571f2655bdae0c565b61
"March 21, 2019",TongxiJi/shadowsocks-java,38e8f61d85cfde88597ee16e222a4281c80572a8
"March 21, 2019",awslabs/aws-codedeploy-plugin,6b74409a2f44faf712ca704ba095cac95fdc5c42
"March 21, 2019",wangweiX/blockchain-java,45d85526381212bf9645b9fe895f6ceb157a1df5
"March 21, 2019",crossoverJie/distributed-redis-tool,af1877e932e9bbbd58360826a9edd5a5732702c7
"March 21, 2019",tools4j/unix4j,367da7d262e682a08577cdf19ebbbdd8a46870fe
"March 21, 2019",dlemmermann/CalendarFX,f2b91c2622c3f29d004485b6426b23b86c331f96
"March 21, 2019",vkostyukov/la4j,dd1b917caf9606399a49afa6b0d738934cd3a7b3
"March 21, 2019",brettwooldridge/SansOrm,ab22721db79c5f20c0e8483f09eda2844d596557
"March 21, 2019",gaul/are-we-consistent-yet,145f353095ff58bfb573f1f4caa890e806662c7d
"March 21, 2019",happyfish100/fastdfs-client-java,0261bf16130a8183769609d5eb081b91197ce872
"March 21, 2019",jsurfer/JsonSurfer,52bd75a453338b86e115092803da140bf99cee62
"March 21, 2019",welovecoding/editorconfig-netbeans,432c12813dabb3c0f2092b8d94e1232e896f8466
"March 21, 2019",mdeverdelhan/ACR122U-reader-writer,ac535fc58b8e0969c653bcd58b84a8eae1841ebd
"March 21, 2019",jwpttcg66/NettyGameServer,2387a7844561cc056317f86be05676422dfeee87
"March 21, 2019",TogetherOS/cicada,5f55ee1f5a66eb917047238eab974e23213c2aaa
"March 21, 2019",mploed/ddd-with-spring,5a3565d1b3979ffe3fa46eef5ac35d0943368639
"March 21, 2019",cloudera/cm_ext,90d8785c3bfcf819012159dffaa4af74faa5da9e
"March 21, 2019",awslabs/amazon-kinesis-scaling-utils,89ecd1db779aacd9376aa69d85d320103e354a1e
"March 21, 2019",urbanairship/datacube,89c6b68744cc384c8b49f921cdb0a0f9f414ada6
"March 21, 2019",tim232385/WebVideoBot,b763532ef86b1ff51297fa707485e359a7ad5bf2
"March 21, 2019",ryantenney/metrics-spring,1c0803e0bee3925cdee84a8dfb5d6ff5c415b99d
"March 21, 2019",wstrange/GoogleAuth,d5074b49420132776c770ba1277a4df158e7398f
"March 21, 2019",spotify/dns-java,c554287e6f5a025576f4343ada84b2419277ebfd
"March 21, 2019",DataReply/kafka-connect-mongodb,2290251df056f9bf4a4af6c10eadaa11c3fc102c
"March 21, 2019",abel533/ECharts,73e031e51b75e67480701404ccf16e76fd5aa278
"March 21, 2019",flapdoodle-oss/de.flapdoodle.embed.process,8aecb80c4a8485a00d9410768cef630e48261ab1
"March 21, 2019",digitalpetri/modbus,66281d811e64dfcdf8c8a8d0e85cdd80ae809a19
"March 21, 2019",apache/hadoop-hdfs,b2d2a3262c587638db04c2991d48656b3d06275c
"March 21, 2019",helun/Ektorp,b822c0d656aefb90a5e0cb5ec2de3daa969e3eaa
"March 21, 2019",s3-wagon-private/s3-wagon-private,ef248502e325c7dbf881666472cb6cbe610ffaf9
"March 21, 2019",apache/apex-malhar,1acaf15f425d72f19bb590c667987ed5d81d7f25
"March 21, 2019",Arronlong/httpclientutil,e6944efb08dea4dc227bf4bc79d217c9f1862836
"March 21, 2019",RaiMan/SikuliX2,95372ca85cdf214361ab715538c793b4cd010190
"March 21, 2019",yinwang0/pysonar2,fe5b36434876ce28001c3acb672acb4df29d2392
"March 21, 2019",searls/jasmine-maven-plugin,ce365e7c908666e883908dd8e271f92c39d1be49
"March 21, 2019",everwatchsolutions/json-data-generator,8f19979d7f6c9e6b04db513ae09a6b27e57585a8
"March 21, 2019",sstrickx/yahoofinance-api,2766ba52fc5cccf9b4da5c06423d68059cf0a6e6
"March 21, 2019",benas/unix-stream,40befef5607ca8884a236e275f55fffb4096894a
"March 21, 2019",Adobe-Consulting-Services/acs-aem-tools,c588590b149a409950b6d250db6b3583331f1688
"March 21, 2019",sczyh30/vertx-blueprint-microservice,9d960641cb80b63d0e6a559279f1fc2c5a165e3e
"March 21, 2019",lexburner/zuul-gateway-demo,2fb819215792f9cbd9c6eeab8daf37193c1c6ec8
"March 21, 2019",randomizedtesting/randomizedtesting,85a0c7eff5d03d98da4d1f9502a11af74d26478a
"March 21, 2019",j-easy/easy-flows,41ec8cd47c09091048a58d2d76caaf8e75014b86
"March 21, 2019",OpenSmpp/opensmpp,247eb56cd38ba0055e72af87c3dcf371298e9306
"March 21, 2019",FasterXML/jackson-module-jsonSchema,f76a6e9ac2e0abd959d207d876226380fcd7355f
"March 21, 2019",Progether/JAdventure,125c4b4e7026301fac1ac995ebbf3d88f7a4458c
"March 21, 2019",javaeekickoff/java-ee-kickoff-app,fe72dba57bb6d34978d2f6416dd22e4bb1beee12
"March 21, 2019",bourgesl/marlin-renderer,b417ce4ed60000c50d7c45ae0a76b97c93a2c653
"March 21, 2019",clojure/clojure,d07ef175c700329f7afbef8770332b6247a34a49
"March 21, 2019",usethesource/capsule,3af2a21394a72c7d90b064fa11b8361d5125fb78
"March 21, 2019",lookfirst/sardine,946535742d253b25da62ed9732b5c48565f1767b
"March 21, 2019",etsy/statsd-jvm-profiler,3fd399a1b19cd707e4cb42f0c6548b97b10427e4
"March 21, 2019",jirutka/rsql-parser,402f180280b4220c815a7ced8601612c8a83e834
"March 21, 2019",dubbo/jmeter-plugins-dubbo,c181cf3662b6ed051c543482a1360c0ffcc2d03c
"March 21, 2019",romix/java-concurrent-hash-trie-map,1810db51acdb1c8b7048643b460c526933c95dae
"March 21, 2019",jenkinsci/selenium-plugin,703d5812531691ade123aff10e527aa20b3cc9d5
"March 21, 2019",CoreMedia/jangaroo-tools,d642c61d9824bb5322170ce2e3a70045d54971db
